order,title,category,id,dialogname,linggeoname,textcontent,textcomment,texttask,textquestions,textcomment2,texttask2,grammartopics,exercises,iranoiranitext,iranoiraniimg,textnotice,textquestiontask,textquestionsquestions,dialog1,dialogwords1,dialognotes1,dialog2,dialogwords2,dialognotes2,espressions,oralexercises,gg,texttaskanswer,texttask2answer,textquestiontaskanswer,,,,,
0,Dar bāre‐ye in ketāb,intro,,,,,,,,,,,,,,,,,,,,,,,,,,,,,,,,,
1,Sārā Panāhi,lesson,1,Salām‐o ahvālporsi,Āmuzgār‐e irāni,Salām! Man Sārā Panāhi hastam. Man dānešju‐yam. Esm‐e pedar‐e man Manucehr‐ast. U mohandes‐ast. Esm‐e mādar‐am Mahnāz‐ast. Šoql‐e u xayyāti‐st. Nām‐e xāhar‐e man Susan va nām‐e barādar‐am Sāmān‐ast. Ānhā dānešāmuz hastand.,,Dorost yā qalat?,1. Susan dānešāmuz‐ast.<br>2. Sārā xāhar‐e Sāmān‐ast.<br>3. Mahnāz mohandes‐ast.<br>4. Esm‐e pedar‐e Sārā Manucehr‐ast.,,,"1,2,3","1,2",Mā dānešāmuz hastim va aknun dar kelās‐im. Āmuzgār‐e mā irāni‐st. Zabān‐e u fārsi‐st. Fārsi širin‐ast. Mā be fārsi alāqemand hastim.,,,Dorost yā qalat?,1.  Mā kārmand hastim. 2.  Moallem‐e mā kānādāyi‐st. 3.  Zabān‐e moallem fārsi‐st. 4.  Fārsi širin‐ast. 5.  Man be fārsi alāqemand hastam.,"Navid:Salām! Esm‐e man Navid‐e. Esm‐e to ci‐ye?<br>Narges:Salām! Esm‐e man Narges‐e.<br>Navid:Hāl‐et cetowr‐e, Narges?<br>Narges:Xub‐am, mersi. To cetowr‐i?<br>Navid:Man‐am xub‐am. Xeyl‐i Mamnun.",1,"- To xodemāni‐st. Be dustān “to” miguyim.<br>- Hazf‐e yek āvā bivāsete anjām migirad: sobh, sob.<br>- Hargāh vāže‐i kārbord‐e mostaqell‐e xod rā az dast dehad, bā xatt‐e tire nevešte mišavad: man ham, man‐am.","Kāmbiz:Salām! Esm‐e man Kāmbiz‐e. Esm‐e šomā ci‐ye?<br>Xānom‐e Panāhi: Sob be xeyr. Man Panāhi hastam, ostād‐e šomā.<br>Kāmbiz:Hāl‐e tun cetowr‐e, Xānum‐e Panāhi?<br>Xānom‐e Panāhi: Xub‐am, motšakker‐am. Hāl‐e šomā cetowr‐e?<br>Kāmbiz:Mersi, man‐am xub‐am. Ruz‐e xub‐i dāšte bāšin.<br>Xānom‐e Panāhi: Mamnun. Be hamcenin. Xodā negahdār!<br>Navid:Xodā hāfez!",2,- Šomā moaddabāne‐ast. Be bozorgtarhā “šomā” miguyim.,Sob be xeyr! – Zohr be xeyr! – Asr be xeyr – Šab be xeyr!,"1,2,3",1,1. dorost – 2. dorost – 3. qalat – 4. dorost,,1. qalat – 2. qalat – 3. dorost – 4. dorost – 5. dorost,,,,,Dorost yā qalat?
2,Dust‐e samimi,lesson,2,Kojāyi hastin?,Joqrāfiyā‐ye Irān,"Sārā yek dust‐e samimi dārad. Nām‐e u Faribā‐st. Sārā‐vo Faribā hamsāye hastand. Faribā akkās‐ast va yek āteliye‐ye akkāsi dārad. Ānhā emruz bā ham qarār dārand. Faribā yek māšin‐e qadimi dārad. Rang‐e māšin‐aš qermez‐ast. Faribā yek xāhar ham dārad. Nām‐e xāhar‐aš Farānak‐ast. Farānak šānzdah sāl dārad va hamkelāsi‐ye xāhar‐e Sārā, Susan,‐ast.",,Dorost yā qalat?,1. Esm‐e dust‐e Sārā Farānak‐ast.<br>2. Esm‐e xāhar‐e Faribā Susan‐ast.<br>3. Rang‐e māšin‐e Faribā qermez‐ast.<br>4. Farānak dānešāmuz‐ast.,,,"4,5,6","3,4,5","Irān jozv‐e bist kešvar‐e bozorg va bist kešvar‐e porjam’iyat‐e jahān‐ast. Irān dar qarb‐e qārre‐ye Āsiyā va dar mantaqe‐ye Xāvar‐ e Miyāne qarār dārad. Irān az šomāl bā Jomhuri‐ye Āzarbāyjān, Armanestān va Torkamanestān; az qarb bā Torkiye‐vo Arāq, va az šarq bā Afqānestān‐o Pākestān hamsāye‐ast. Daryā‐ye Xazar va Reštekuh‐e Alborz dar šomāl‐e Irān qarār dārand. Xalij‐e Fārs dar jonub‐e Irān‐ast. Reštekuh‐e Zāgros dar šarq‐e Irān qarār dārad. Tehrān pāytaxt‐e Irān‐ast.",1,,Dorost yā qalat?,1.  Irān jozv‐e bist kešvar‐e bozorg va porjam’iyat‐e jahān‐ast. 2.  Irān dar qarb‐e Mantaqe‐ye Xāvar‐e Miyāne qarār dārad. 3.  Armanestān az šarq bā Irān hamsāye‐ast. 4.  Arāq‐o Torkiye az qarb bā Irān hamsāye hastand. 5.  Reštekuh‐e Alborz dar šarq‐e Irān‐ast. 6.  Xalij‐e Fārs dar jonub va Daryā‐ye Xazar dar šomāl‐e Irān qarār     dārad. 7.  Pāytaxt‐e Irān Tehrān‐ast.,"Xānom‐e Partovi:Bebaxšin Āqā‐ye Āzād, šomā kojāyi hastin? Āqā‐ye Āzād: Man ahl‐e Širāz‐am. Šomā ahl‐e kojā‐yin? Xānom‐e Partovi:Man Tehrāni hastam.",3,,,,,"Bexašin – ozr mixām (mixāham) – ma’zerat mixām<br>Āqā‐ye ... – Xānum‐e (Xānom‐e) ... – Dušize ... – Ali Āqā – Bahrām Xān – Mahin Xānum<br>Itāliyā, itāliyāyi – Farānse, farānsavi – Engelestān, engelisi – Ālmān, ālmāni – Āmrikā, āmrikāyi – Žāpon, žāponi – Torkiye, Tork","4,5",2,1. qalat – 2. qalat – 3. dorost – 4. dorost,,1. dorost – 2. qalat – 3. qalat – 4. dorost – 5. qalat – 6. dorost – 7. dorost,,,,,Dorost yā qalat?
3,Mehmān miāyad,lesson,3,Šoql‐etun ci‐ye?,Gilān,"Emruz barā‐ye xānevāde‐ye Panāhi mehmān miāyad. Mahnāz, mādar‐e Sārā, xāne rā tamiz mikonad. U be Manucehr, pedar‐e Sārā, yek list‐e xarid midehad. Manucehr Sārā rā ham barā‐ye xarid mibarad. Sāmān‐o Susan be mādar‐ešān komak mikonand. Susan otāq‐e pazirāyi rā jāru mikešad va Sāmān bāqce rā āb midehad. Manucehr ma’mulan yek ciz rā eštebāhi mixarad, vali Mahnāz hamiše mibaxšad‐aš.",,Dorost yā qalat?,1. Mahnāz xāne rā tamiz mikonad.<br>2. Susan bāqce rā āb midehad.<br>3. Xānevāde‐ye Panāhi emruz mehmān dārad.<br>4. Sārā bā pedar‐aš xarid mikonad.<br>5. Pedar‐e Sārā hamiše hameciz rā eštebāhi mixarad.,,,"7,8,9,10,11","6,7,8",Irān si‐yo yek ostān dārad. Ostān‐e Gilān dar šomāl‐e Irān va dar kenār‐e Daryā‐ye Xazar‐ast. Ābohavā‐ye Gilān mo’tadel‐ o martub‐ast. Šahr‐e Rašt markaz‐e Ostān‐e Gilān‐ast. Zabān‐ e mahalli‐ye Gilān gilaki‐st. Ostān‐e Gilān besyār sarsabz‐o didani‐st. Rustā‐ye Māsule va Qal’e‐ye Rudxān dar in Ostān qarār dārand va xeyl‐i didani hastand. Honar‐e āšpazi‐ye Gilān dar Irān ma’ruf‐ast. Barā‐ye nemune Mirzāqāsemi yek qazā‐ye gilāni‐st.,2,,Dorost yā qalat?,1.  Šahr‐e Rašt dar kenār‐e Daryā‐ye Xazar‐ast. 2.  Rustā‐ye Māsule dar Gilān‐ast. 3.  Havā‐ye Gilān garm‐ast. 4.  Zabān‐e mahalli‐ye Gilān gilaki‐st. 5.  Mirzāqāsemi az Gilān miāyad.,"Āqā‐ye Arjomand:Bebaxšin, šomā šoql‐etun ci‐ye?<br>Xānom‐e Nāmju:Man akkās hastam. Kār‐e šomā ci‐ye?<br>Āqā‐ye Arjomand:Man āmuzgār‐am. Rāsti, doxtar‐etun cekāra‐n?<br>Xānom‐e Nāmju:Doxtar‐am dandunpezešk‐e.<br>Āqā‐ye Arjomand:Bebaxšin, šoql‐ešun ci‐ye?<br>Xānom‐e Nāmju:Dandunpezešk‐e.",4,,,,,Pesar – mādar – pedar – barādar – xāhar – zan – šowhar<br>Ārāyešgar – me’mār – mekānik – mohandes – parastār – pezešk – vakil – nānvā – naqqāš,"6,7",3,1. dorost – 2. qalat – 3. dorost – 4. dorost – 5. qalat,,1. qalat – 2. dorost – 3. qalat – 4. dorost – 5. dorost,,,,,Dorost yā qalat?
4,Ostād‐e saxtgir,lesson,4,Ādres‐e mahall‐e kār‐etun ci‐ye?,Tehrān,"Sārā došanbe emtehān‐e mohemm‐i dārad. Ostād‐e saxtgir‐i in emtehān rā migirad. Porsešhā‐yaš ziyād va moškel‐and. U be dānešjuyān barā‐ye pāsox be porsešhā nesbatan kam vaqt midehad. Albatte Sārā hamiše xub dars mixānad va barā‐ye in emtehān āmādegi dārad. U ma’mulan dar emtehānhā qabul mišavad. Vali Sārā dust‐i dārad, ke az emtehān mitarsad. U šab‐e emtehān tā sobh dars mixānad.","Gāh i, beviže dar vāmvāžehā‐ye arabi, yek hamxān piš az yek vāke     tašdid migirad, ya’ni do bār talaffoz mišavad. Tašdid rā zamān‐i     nešān midehim, ke ān rā talaffoz konim: ketāb‐e mohem rā, ketāb‐e     mohemm‐i.",Dorost yā qalat?,1. Emtehān‐e Sārā ruz‐e sešanbe‐ast.<br>2. Ostād‐e Sārā saxtgir‐ast.<br>3. Porsešhā‐ye emtehān āsān‐and.<br>4. Ostād be dānešjuyān kam vaqt midehad.<br>5. Sārā az emtehān mitarsad.,,,"12,13,14,15,16,17","9,10,11","Tehrān, pāytaxt‐e Irān, dar dāmane‐ye jonubi‐ye Reštekuh‐e Alborz qarār dārad. In šahr besyār bozorg‐ast va moteassefāne havā‐ye ālude‐i dārad. Vali mardom‐e Tehrān besyār xungarm‐o mehmānnavāz‐and.</p><p>Tehrān didanihā‐ye ziyād‐i dārad. Borj‐e Milād‐o Borj‐e Āzādi namādhā‐ye in šahr hastand. Borj‐e Milād taqriban az hamejā‐ye Tehrān qābeledidan‐ast. Kāxmuzehā‐ye Golestān, Sa’dābād va Niāvarān va niz muzehā‐ye Melli, Javāherāt, Farš va Ābgine cizhā‐ ye gerānbahā‐vo jāleb‐i barā‐ye didan dārand. Bāzār‐e Tehrān xeyl‐i ma’ruf‐o bozorg‐ast. Dar ānjā kamābiš hameciz hast: talā, noqre, pārce, qāli, adviye, xoškbār, ... Mehmānān‐e xāreji in bāzār rā xeyl‐i dust dārand.</p><p>Dar Tehrān pārkhā‐ye besyār zibā‐yi vojud dārand. Pārk‐e Mellat, Pārk‐e Jamšidiye va Pārk‐e jadid‐e Āb‐o Ātaš jozv‐e pārkhā‐ye didani‐ye Tehrān‐and.</p><p>Dar ruzhā‐ye garm‐e tābestān mardom‐e Tehrān barā‐ye tafrih be kuhpāyehā‐ye xonak‐o delpazir‐e Towcāl, Darband va Darake miravand. Towcāl yek telekābin niz dārad va barā‐ye eski ham monāseb‐ast.",3,,Dorost yā qalat?,1.  Mardom‐e Tehrān mehmānnavāz‐and. 2.  Borj‐e Āzādi va Borj‐e Milād namādhā‐ye Tehrān‐and. 3.  Kāxmuze‐ye Golestān didani‐st. 4.  Bāzār‐e Tehrān kucak‐ast. 5.  Pārk‐e Āb‐o Ātaš telekābin dārad.,"Parisā:Bābak, to kojā kār mikoni?<br>Bābak:Tu bimārestān.<br>Parisā:Ādres‐e mahall‐e kār‐et ci‐ye?<br>Bābak:Bimārestān‐e Šerkat‐e Naft, Xiyābun‐e Hāfez, Kuce‐ye Iraj, pelāk‐e 27.",5,,,,,Ārāyešgāh – resturān – matab – ta’mirgāh – bimārestān – darmāngāh – dādgāh – kārxune (kārxāne) – akkāsi – kalāntari,"8,9",4,1. qalat – 2. dorost – 3. qalat – 4. dorost – 5. qalat,,1. dorost – 2. dorost – 3. dorost – 4. qalat – 5. qalat,,,,,Dorost yā qalat?
5,Zibātarin fasl‐e sāl,lesson,5,Cand sāl‐etun‐e?,Nowruz,"Bahār avvalin fasl‐e sāl‐ast. Farvardin, ordibehešt va xordād māhhā‐ye fasl‐e bahār hastand. Dar fasl‐e bahār havā mo’tadel‐ ast. Barg‐e deraxtān sabz mišavad va deraxtān šokufe midehand. Ruz‐e avval‐e farvardin šoru‐e sāl‐e irāni‐st. In ruz Nowruz nām dārad. Nowruz bozorgtarin jašn‐e Irāniyān‐ast. Sārā bahār rā az hame‐ye faslhā bištar dust dārad.</p><p>Dovvomin fasl‐e sāl tābestān‐ast. Tir, mordād va šahrivar māhhā‐ye fasl‐e tābestān hastand. Tābestān garmtarin fasl‐e sāl‐ast. Deraxtān dar tābestān mive midehand. Dar tābestān madresehā ta’til hastand. Sārā ma’mulan yek yā do hafte rā dar Rāmsar yā Nowšahr, kenār‐e daryā migozarānad.</p><p>Sevvomin fasl‐e sāl pāyiz‐ast. Mehr, ābān va āzar māhhā‐ye fasl‐e pāyiz hastand. Havā‐ye pāyiz xonak‐ast. Barg‐e deraxtān dar pāyiz zard mišavad. Pāyiz ham yek jašn‐e bāstāni dārad, ke nāme ān Mehregān‐ast. Fasl‐e Pāyiz barā‐ye Sārā behtarin fasl barā‐ ye kuhnavardi‐st.</p><p>Fasl‐e cāhārom‐e sāl zemestān‐ast. Dey, bahman va esfand māhhā‐ye fasl‐e zemestān hastand. Zemestān sardtarin fasl‐e sāl‐ ast. Šab‐e avval‐e zemestān derāztarin šab‐e sāl‐ast. In šab Šab‐e Celle yā Šab‐e Yaldā nām dārad. Mardom‐e Irān in šab rā jašn migirand. Sārā bā dustān‐aš zemestānhā be eski miravad.",,Dorost yā qalat?,"1. Ruz‐e avval‐e bahār āqāz‐e sāl‐e irāni‐st.<br>2. Tir, mordād va šahrivar māhhā‐ye fasl‐e pāyiz hastand.<br>3. Tābestān garmtarin fasl‐e sāl‐ast.<br>4. Sārā dar bahār eski mikonad.<br>5. Irāniyān šab‐e avval‐e zemestān rā jašn migirand.",,,"18,19,20,21,22,23","12,13","Eyd‐e Nowruz bozorgtarin jašn‐e melli‐ye irāniyān‐ast. Nowruz āqāz‐e sāl‐e now‐e irāni, barābar bā avval‐e farvardin va šoru‐e fasl‐e bahār‐ast. Mardom‐e Irān az cand ruz qabl be pišvāz‐e Nowruz miravand. Ānhā xānetekāni mikonand va lebāshā‐vo vasāyel‐e now mixarand.</p><p>Šab‐e cāhāršanbe‐ye āxar‐e sāl, ya’ni āxarin sešanbešab‐e sāl, Cāhāršanbesuri nām dārad. Dar in šab irāniyān ātašbāzi mikonand va az ru‐ye ātaš miparand‐o āhang‐e viže‐i mixānand: *Zardi‐* *ye man az to, sorxi‐ye to az man!*</p><p>Hengām‐e šoru‐e sāl hame bā lebāshā‐ye now dowr‐e Sofre‐ye Haftsin minešinand. Dar Sofre‐ye Haftsin dar kenār‐e cizhā‐ye digar haft ciz‐ast, ke bā “s” āqāz mišavad: sib, serke, samanu, somāq, sir, sabze, sekke va senjed.</p><p>Pas az sāltahvil hame bā ham rubusi mikonand, be ham tabrik miguyand va be yekdigar, beviže baccehā, eydi midehand. Dar ruzhā‐ye pas az sāltahvil xānevādehā be didobāzdid‐e yekdigar va gāh‐i ham be mosāferat miravand.</p><p>Ruz‐e sizdahom‐e farvardin ruz‐e āxar‐e ta’tilāt‐ast. Dar in ruz mardom be gardeš‐e dastejam’i miravand va tamām‐e ruz rā be tafrih migozarānand. In ruz Sizdahbedar nām dārad.",4,,Pāsox bedeh!,1.  Irāniyān dar ruzhā‐ye qabl az sāl‐e now cekār mikonand? 2.  Dar Šab‐e Cāhāršanbesuri cekār mikonand? 3.  Dar Sofre‐ye Haftsin ce hast? 4.  Irāniyān dar ruzhā‐ye pas az sāltahvil cekār mikonand? 5.  Dar Ruz‐e Sizdahbedar cekār mikonand?,"Faribā: Kāmrān, to cand sāl‐et‐e? Kāmrān: Man bist sāl‐am‐e.<br>Faribā:To candomin bacce‐ye xunevāde‐i?<br>Kāmrān: Man dovvomin bacca‐m. Barādar‐am az man bozorgtar‐e. Xāharā‐m az man kuciktar‐an. Faribā: Mage cand tā xāhar dāri?<br>Kāmrān:Do tā xāhar dāram.<br>Faribā: Kuciktarin xāhar‐et cand sāl‐eš‐e? Kāmrān: Šunzdah sāl‐eš‐e.",6,,,,,Nuzdah sāl‐am‐e – sevvomin bacce – barādarā‐m az man bozorgtar‐an – cāhārdah sāl‐eš‐e,"10,11",5,1. dorost – 2. qalat – 3. dorost – 4. qalat – 5. dorost,,,,,,,Pāsox bedeh!
6,Pitzā‐ye hāzeri,lesson,6,Meydun‐e Bahārestān Kojā‐st?,Abyāne,"Mahnāz, mādar‐e Sārā, ma’mulan nimevaqt kār mikonad. Kār‐e u emruz estesnāan xeyl‐i tul mikešad. Be in dalil barā‐ye šowhar‐aš, Manucehr, yek yāddāšt minevisad: ""*Aziz‐am, man emruz dirtar be xune bar migardam. Pitzā‐ye hāzeri tu firizer‐e.* *Lotfan fer‐o rowšan kon va bā harārat‐e 180 daraje barā‐ye 10 daiqe garm kon. Ba’d cāhār tā pitzā az tu‐ye firizer dar biyār‐o be moddat‐e 12 daiqe tu fer bezār‐o be baccehā xabar bede. Šām‐etun‐o boxorin‐o montazer‐e man namunin. Rāsti, golā‐ye bāqca‐r‐am lotfan āb bede. Mamnun‐am aziz‐am. Tā ba’d!*""","<table class=""table table-striped table-bordered""><thead><tr><th>Goftāri</th><th>Neveštāri</th></tr></thead><tbody><tr><td>xune</td><td>xāne</td></tr><tr><td>tu firizer‐e</td><td>tu‐ye ferizer‐ast</td></tr><tr><td>fer‐o</td><td>fer rā</td></tr><tr><td>daiqe</td><td>daqiqe</td></tr><tr><td>dar biyār</td><td>dar biyāvar</td></tr><tr><td>bezār</td><td>begozār</td></tr><tr><td>bede</td><td>bedeh</td></tr><tr><td>šām‐etun‐o</td><td>šām‐etān rā</td></tr><tr><td>boxorin</td><td>bexorid</td></tr><tr><td>namunin</td><td>namānid</td></tr><tr><td>gloā</td><td>golhā</td></tr><tr><td>bāqca‐r‐am</td><td>bāqce rā ham</td></tr></tbody></table>",Dorost yā qalat?,1. Mahnāz emšab dir be xāne bar migardad.<br>2. Mahnāz barā‐ye baccehā yek yāddāšt migozārad.<br>3. Pitzāhā‐ye hāzeri dar yaxcāl‐and.<br>4. Āmāde kardan‐e pitzā dar fer ruyehamrafte 22 daqiqe tul mikešad.,,Matn‐e yāddāšt‐e Mahnāz rā az goftāri be neveštāri tabdil kon!,"24,25","14,15","Dar Irān rustāhā‐ye tārixi‐yo zibā ham vojud dārad. Jahāngardān bištar az Abyāne‐vo Māsule didan mikonand. Rustā‐ye Abyāne dar dāmane‐ye Kuh‐e Karkas dar markaz‐e Irān va dar Ostān‐e Esfahān qarār dārad. In rustā be Rustā‐ye Sorx ma’ruf‐ast, con hame‐ye xānehā‐vo makānhā‐ye omumi dārā‐ ye pušeš‐i az xāk‐e sorxrang hastand. Me’māri‐ye Abyāne monhaserbefard‐ast. Pellekāni budan‐e xānehā‐ye rustā va monabbatkāri‐ye darhā‐ye cubi‐ye ān tanhā do vižegi‐ye me’māri‐ye in rustā hastand. Dar Abyāne cand banā‐ye tārixi niz vojud dārad, azjomle Ātaškade‐ye Hārpāg va Masjed‐e Jāme’ dar miyān‐e rustā va qal’e‐i bar farāz‐e kuhhā‐ye šomāli‐ye rustā. Mardom‐e Abyāne sonnathā, lebāshā‐ye sonnati va lahje‐ye viže‐i dārand.",5,,Dorost yā qalat?,1.  Rustā‐ye Abyāne dar jonub‐e Irān‐ast. 2.  Abyāne be Rustā‐ye Sorx ma’ruf‐ast. 3.  Darhā‐ye xānehā‐ye Abyāne cubi hastand. 4.  Ātaškade‐ye Hārpāg bar farāz‐e kuh qarār dārad. 5.  Mardom‐e Abyāne lebāshā‐ye sonnati mipušand.,"Xānom‐e Āzād:Ozr mixām āqā, Meydun‐e Bahārestān kojā‐st?<br>Jāvid:haminjā dowr bezanin, sar‐e cārrā bepicin samt‐e cap tu Xiyābun‐e Jomhuri. Ba’d mostaqim berin.<br>Xānom‐e Āzād:Xiyābun‐e Jomhuri yetarafe nist?<br>Jāvid:Cerā, vali na az in taraf.<br>Xānom‐e Āzād:Mamnun‐am.<br>Jāvid:Xāheš mikonam.",7,,,,,Avvalin xoruji – ba’d az cerāq‐e rāhnamāyi – sar‐e cārrā – nareside be meydun – qabl az serāhi – entehā‐ye xiyābun Dowr bezanin – berin – bepicin<br>Samt‐e cap – samt‐e rāst – dast‐e cap – dast‐e rāst – mostaqim Yetarafe – vorudmamnu’,12,6,1. dorost – 2. qalat – 3. qalat – 4. dorost,"Aziz‐am, man emruz dirtar be xāne bar migardam. Pitzā‐ye hāzeri dar ferizer‐ast. Lotfan fer rā rowšan kon va bā harārat‐e 180 daraje barā‐ye 10 daqiqe garm kon. Ba’d cāhār tā pitzā az tu‐ye ferizer dar biyāvar‐o be moddat‐e 12 daqiqe dar fer begozār‐o be baccehā xabar bedeh. Šām‐etān rā bexorid‐o montazer‐e man namānid. Rāsti, golhā‐ye bāqce rā ham lotfan āb bedeh. Mamnun‐am aziz‐am. Tā ba’d!",1. qalat – 2. dorost – 3. dorost – 4. qalat – 5. dorost,,,,,Dorost yā qalat?
7,Kārhā‐ye ruzmarre,lesson,7,Sāat cand‐e?,Mardom‐e Irān,"Sārā ruzhā‐ye šanbe tā cāhāršanbe be dānešgāh miravad. U sobhhā sāat‐e yek rob’ be haft az xāb bidār mišavad va nim sāat dar pārk midavad. Cand daqiqe ham narmeš mikonad. U sepas duš migirad, lebāshā‐yaš rā mipušad, sobhāne mixorad va sāat‐ e hašt be dānešgāh miravad. U ma’mulan tā sāat‐e cāhār‐e ba’dazzohr kelās dārad. Sārā zohrhā dar sālon‐e qazāxori‐ye dānešgāh qazā mixorad. Pas az bargašt be xāne kam‐i esterāhat mikonad va sepas darshā‐yaš rā morur mikonad. Hafte‐i yek bār ham be dust‐aš, Mehrān, riyāziyāt dars midehad. Sārā asrhā ma’mulan bā dustān‐aš tafrih mikonad. Ānhā gāh‐i be sinamā, teātr yā gardeš miravand. Ba’z‐i šabhā ham be konsert miravand. Sārā hic tafrih‐i rā bištar az raftan be konsert dust nadārad.",,Dorost yā qalat?,1. Sārā az šanbe tā panjšanbe be dānešgāh miravad.<br>2. Sāat‐e hašt az xāb bidār mišavad.<br>3. Nāhār rā dar xāne nemixorad.<br>4. Dar hafte yek bār be Mehrān riyāziyāt dars midehad.<br>5. Sārā raftan be konsert rā az hame‐ye tafrihhā bištar dust dārad.,,,"26,27,28,29","16,17,18","Irān be ma’ni‐ye Sarzamin‐e Āryāyiyān‐ast. Mardom‐e Irān az nežād‐e āryāyi hastand. Āryāyiyān tirehā‐ye moxtalef‐i dārand. Ma’ruftarin‐e ānhā Pārs‐ast. Bozorgtarin daste az mardom‐e Irān pārsi hastand. Az su‐ ye digar, az gozaštehā‐ye dur tā emruz dar Irān aqvām‐e gunāgun‐i zendegi mikonand. Emruze dar Irān aqvām‐e Pārs, Kord, Lor, Tork, Torkaman, Baluc, Arab, armani, gorji va āšuri dar kenār‐e yekdigar dar solh‐o ārāmeš zendegi mikonand. Aksariyat‐e mardom‐e Irān mosalmān‐and. Aqalliyathā‐ye mazhabi dar Irān aqlab zartošti, masihi va yahudi hastand. Haryek az aqvām‐e irāni zabān, farhang va ādāb‐o rosum‐e jāleb‐i dārad. Zabān‐e rasmi‐ye Irān fārsi‐st. Fārsi hamān pārsi‐st.",6,"Agar fāel‐e jomle jāndār nabāšad, mitavān fe’l‐e mofrad rā barā‐ye     fāel‐e jam’ be kār bord: Dar Irān rustāhā‐ye tārixi‐yo zibā ham     vojud dārad.",Dorost yā qalat?,"1.  Irān ya’ni Sarzamin‐e Āryāyiyān. 2.  Irān cand zabān‐e rasmi dārad. 3.  Dar Irān aqvām‐e moxtalef‐i zendegi nemikonand. 4.  Bozorgtarin aqalliyathā‐ye mazhabi dar Irān masihiyān, zartoštiyān     va yahudiyān hastand. 5.  Aqvām‐e irāni bā yekdigar dar āšti‐o ārāmeš zendegi mikonand.","Farah:Farhād, emruz candšanba‐st?<br>Farhād:Sešanbe. Cetowr mage?<br>Farah:Bāzi‐ye Irān‐o Kore emruz‐e?<br>Farhād:Āre. Ce bāzi‐ye mohemm‐i!<br>Farah:Sāat‐e cand?<br>Farhād:Sāat‐e hašt‐o nim.<br>Farah:Ozr mixām, ce sāat‐i?<br>Farhād:Hašt‐o nim.<br>Farah:Al’ān sāat cand‐e?<br>Farhād:Sāat panj‐e. Se sāat‐o nim‐e dige vaxt dārim.",8,,,,,Šanbe – yešanbe (yekšanbe) – došanbe – sešanbe – cāršanbe (cāhāršanbe) – panšanbe (panjšanbe) – jom’e<br>Konsert‐e Ebi – film‐e sinamāyi – mosābeqe‐ye tenis – paxš‐e mostaqim‐e futbāl – arusi‐ye Minā – jašn‐e tavallod‐e Bābak,"13,14",7,1. qalat – 2. qalat – 3. dorost – 4. dorost – 5. dorost,,1. dorost – 2. qalat – 3. qalat – 4. dorost – 5. dorost,,,,,Dorost yā qalat?
8,Asbābkeši,lesson,8,Un šalvār cand-e?,Farš‐e irāni,Emruz Faribā asbābkeši dārad. Sārā be u komak mikonad. Ānhā televiziyon rā kenār‐e ketābxāne migozārand. Sārā zir‐e miztahrir rā jāru mikonad va Kāmpiyuter rā ru‐ye ān migozārad. Faribā sandali rā pošt‐e miztahrir qarār midehad. Sārā darun‐ o birun‐e kešowhā rā dastmāl mikešad. Faribā bālā‐ye taxtexāb yek tāblow āvizān mikonad. Jā‐ye goldānhā jelow‐e panjere‐ ast. Sārā kārtonhā‐ye xāli rā tā mikonad va be zirzamin mibarad. Faribā lebāshā‐yaš rā az tu‐ye kārton dar miāvarad va dar komod āvizān mikonad.,,Dorost yā qalat?,1. Faribā be Sārā dar asbābkeši‐yaš komak mikonad.<br>2. Ānhā televiziyon rā ru‐ye ketābxāne migozārand.<br>3. Miztahrir zir‐e kāmpiyuter‐ast.<br>4. Sārā pāyin‐e kešowhā rā dastmāl mikešad.<br>5. Faribā lebāshā‐yaš rā dar komod āvizān mikonad.,,,"30,31","19,20,21,22","Farš yā qāli‐ye irāni az mohemtarin sanāye‐e dasti‐ye Irān‐ast. Farš‐e irāni dar sarāsar‐e donyā ma’ruf‐ast va behtarin keyfiyat rā dar miyān‐e faršhā‐ye jahān dārad. Farš‐e irāni nešān‐i az farhang‐o honar‐e irāni‐st va pišine‐i hezārānsāle dārad. Bāfandegān‐e farš dar šahrhā‐vo rustāhā‐ye moxtalef‐e Irān be qālibāfi mašqul‐and. Ma’ruftarin faršhā mahsul‐e Tabriz, Kermān, Esfahān, Yazd va Kāšān hastand. Keyfiyat‐e farš be cand ciz bastegi dārad: jens, tarh, bāft va rang. Jens‐e farš ma’mulan az pašm‐e gusfand yā abrišam‐ast. Gerānbahātarin faršhā az jens‐e abrišam hastand. Sāderkonandegān‐ e farš qālihā‐ye irāni rā be bāzārhā‐ye jahān sāder mikonand.",7,,Dorost yā qalat? ,1. Farš‐e Irān pišine‐i candsadsāle dārad. 2. Faršhā‐ye Kermān‐o Tabriz ma’ruf‐and.  3. Bāarzeštarin faršhā az jens‐e pašm‐e gusfand hastand. 4. Tarh‐e farš dar keyfiyat‐e farš naqš bāzi mikonad. 5. Kešvarhā‐ye digar az Irān farš vāred mikonand. ,"Xaridār:   Bebaxšin āqā, un šalvār‐e tu vitrin cand‐e? <br>Forušande:  Kudumyeki? Do tā šalvār tu vitrin‐e. <br>Xaridār:   Šalvār qermeze. <br>Forušande:  Davāzdah hezār Toman. <br>Xaridār:   In piran cand‐e? <br>Forušande:  Kudum piran? <br>Xaridār:   Piran sabze. <br>Forušande:  Cāhār hezār‐o punsad Toman.",9,,,,,Kotšalvār – dāman – žākat – šalvārjin – kāpšen – kot – pāltow – bārāni – poliver – jeliqe<br>Sefid – surati – qahvei – nārenji – banafš – kerem – meški – siyāh – sormei – ābi,"15,16",8,1. qalat – 2. qalat – 3. dorost – 4. qalat – 5. dorost,,1. qalat – 2. dorost – 3. qalat – 4. dorost – 5. dorost,,,,,Dorost yā qalat? 
9,,test,I,,,,,,,,,,,,,,,,,,,,,,,,,,,,,,,,
10,Dar jostoju‐ye Ketāb,lesson,9,Ceqad miše?,Damāvand,"Sārā‐vo Faribā emruz dar yek ketābforuši hastand. Ānhā be donbāl‐e yek ketāb‐e āmuzeš‐e zabān‐e fārsi barā‐ye yek dust‐e āmrikāyi migardand. Cand ketāb rā varaq mizanad. Yek‐i az ketābhā barā‐yešān xeyl‐i jāleb‐ast. Onvān‐e darshā‐ye in ketāb hamiše yek porseš‐ast: ""Esm‐e šomā ci‐st?"", ""Šomā kojāyi hastid?"", ""Meydān‐e Naqš‐e Jahān rā mišenāsid?"", ""Dar bāre‐ye Nowruz ce midānid?"", ... Sārā in ketāb rā barā‐ye xarid pišnahād mikonad. Faribā be u miguyad ke pišnahād‐aš rā mipazirad, va ānhā ketāb rā mixarand.",,Dorost yā qalat?,1. Faribā‐vo Sārā emruz dar yek ketābxāne hastand.<br>2. Ānhā dar jostoju‐ye yek ketāb‐e āmuzeš‐e zabān‐e fārsi hastand.<br>3. Ānhā yek dust‐e āmrikāyi dārand.<br>4. Onvān‐e darshā‐ye yek‐i az ketābhā hamiše yek soāl‐ast.<br>5. Faribā pišnahād‐e Sārā rā qabul mikonad.,,,"32,33,34,35,36,37,38,39","23,24,25","Dar 69‐kilometri‐ye šomāl‐e šarq‐e Tehrān va dar dāmane‐ye reštekuh‐e Alborz bolandtarin kuh‐e Irān‐o Xāvar‐e Miyāne va bolandtarin qolle‐ye ātašfešāni‐ye Āsiyā qarār dārad. In kuh maxrutišekl‐ast va Damāvand nām dārad. Ertefā‐e Damāvand 5,671 metr‐ast. Damāvand avvalin asar‐e sabtšode‐ye tabii dar Fehrest‐e Āsār‐e Melli‐ye Irān‐ast. Dar ruzhā‐yi ke āsemān sāf‐ast, in kuh‐e bāšokuh az dāxel‐e Tehrān qābelero’yat‐ast. Damāvand dar afsānehā‐ vo asātir‐e irāni jāygāh‐e viže‐i dārad. Nevisandegān va šāerān‐e irāni niz dar āsār‐ešān ešārehā‐ye farāvān‐i be Damāvand dārand.",8,,Pāsox bedeh!,1.  Kuh‐e Damāvand kojā qarār dārad? 2.  Ertefā‐e Damāvand cand metr‐ast? 3.  Āyā dar Xāvar‐e Miyāne kuh‐i bolandtar az Damāvand dārim? 4.  Dar ce ruzhā‐yi Damāvand az dāxel‐e Tehrān qābeledidan‐ast? 5.  Damāvand candomin asar‐e sabtšode‐ye tabii dar Fehrest‐e Āsār‐e     Melli‐ye Irān‐ast? 6.  Āyā Damāvand dar afsānehā‐vo adab‐e fārsi jāygāh‐e xāss‐i dārad?,"Maqāzedār:Befarmāyin.<br>Moštari:Ye kilu angur mixāstam, nim kilu‐am gilās.<br>Maqāzedār: In ye kilu angur‐o in‐am nim kilu gilās. Farmāyeš‐e dige‐i nadārin? Moštari: Na, mamnun‐am. Ceqad miše?<br>Maqāzedār:Qābel‐i nadāre.<br>Moštari:Xāheš mikonam. Sāheb‐eš qābel dāre.<br>Maqāzedār: Angur kilu‐yi do hezār‐o punsad Toman, gilās‐am kilu‐yi se hezār Toman. Ruham miše cāhār hezār Toman. Moštari: Befarmāyin, in‐am cāhār hezār Toman.<br>Maqāzedār:Dast‐e šomā dard nakone!<br>Moštari:Sar‐e šomā dard nakone! Xodā hāfez!",10,"- *Mixāstam *dar injā* *hamān ma’ni‐ye* mixāham *rā* *dārad, vali kam‐i moaddabānetar‐ast.",,,,Porteqāl – sib – golābi – anār – ālbālu – ālu – holu – mowz – tutfarangi – nārengi,"17,18",9,1. qalat – 2. dorost – 3. dorost – 4. dorost – 5. dorost,,,,,,,Pāsox bedeh!
11,Belit‐e havāpeymā,lesson,10,Nāhār key hāzer miše?,Honar‐e āšpazi‐ye Irān,"Sārā‐vo Faribā mixāhand dar ta’tilāt‐e nowruzi‐ye emsāl be Esfahān beravand. Ānhā mitavānand bā māšin‐e Faribā beravand. Vali māšin‐e Faribā qadimi‐st va šāyad dar rāh xarāb šavad. Be hamin dalil tarjih midehand ke bā otobus, qatār yā havāpeymā beravand. Ānhā havāpeymā rā entexāb mikonand. Belit‐e havāpeymā az hame gerāntar‐ast vali safar bā havāpeymā tanhā 40 daqiqe tul mikešad. Intowri zamān‐e bištar‐i barā‐ye bāzdid az Esfahān barā‐yešān bāqi mimānad. Barā‐ye safar bā havāpeymā bāyad harce zudtar belithā rā rezerv konand, tā jā namānand.",,Pāsox bedeh!,1. Faribā‐vo Sārā mixāhand kojā beravand?<br>2. Key mixāhand beravand?<br>3. Cerā nemixāhand bā māšin‐e Faribā beravand?<br>4. Safar be Esfahān bā havāpeymā ceqadr tul mikešad?<br>5. Cerā bāyad Sārā‐vo Faribā harce zudtar belithā rā rezerv konand?,,,40,"26,27","Kāfi‐st ke yek bār qazā‐ye irāni rā emtehān koni; digar maze‐aš az zir‐e dandān‐at birun nemiravad. Qazāhā‐ye irāni besyār xošmaze, xošbu, xošrang, cešmnavāz va sālem hastand. Honar‐e āšpazi dar Irān pišine‐i kohan dārad. Be dalil‐e hamsāyegi‐ye tārixi‐ye Irān bā tamaddonhā‐ye bozorg‐e jahān āšpazi‐ye irāni yek‐i az kāmeltarin tarkibāt‐e qazāyi‐ye jahān rā dar bar migirad. Barx‐i jāygāh‐e āšpazi‐ye irāni rā dar Āsiyā hamānand‐e jāygāh‐e āšpazi‐ye farānsavi dar Orupā midānand. Šāyad ma’ruftarin qazā‐ye irāni Celowkabāb bāšad. Dar miyān‐e qazāhā‐ye sonnati Dizi yā Ābgušt niz havādārān‐e ziyād‐i dārad. Har mantaqe dar Irān qazāhā‐ye xāss‐e ān mantaqe rā niz dārad. Masalan heyf‐ast, ke be Gilān beravi, vali Mirzāqāsemi naxori.",9,,Pāsox bedeh!,1.  Qazāhā‐ye irāni ce vižegihā‐yi dārand? 2.  Cerā honar‐e āšpazi‐ye irān yek‐i az kāmeltarin tarkibāt‐e qazāyi‐     ye donyā rā šāmel mišavad? 3.  Barx‐i āšpazi‐ye irāni rā bā āšpazi‐ye kodām kešvar moqāyese     mikonand? 4.  Ma’ruftarin qazā‐ye irāni ehtemālan kodām‐ast? 5.  Dar Gilān kodām qazā rā bāyad hatman emtehān konim?,"Bahrām:Māmān, nāhār key hāzer miše?<br>Mādar:Alān hāzer miše. Lotf kon, miz‐o becin.<br>Bahrām:Livānā kojā‐n?<br>Mādar:Tu qafase.<br>Bahrām:Cangālā kojā‐n?<br>Mādar:Baqaldast‐et, tu kešow.<br>Bahrām:Bošqābā ro az kojā var dāram?<br>Mādar:Az tu komod‐e kenār‐e ojāq. Ceqadr soāl mikoni!",11,,,,,Sobune (sobhāne) – šām<br>Kārd – cāqu – kāse – fenjun (fenjān) – pišdasti – sini – dis – zarf – qāšoq<br>Bufe‐ye otāq‐e nāhārxori – komod‐e baqal‐e yaxcāl – kābinet‐e zir‐e zarfšuyi,19,10,,,,,,,,Pāsox bedeh!
12,Jašn‐e tavallod,lesson,11,Be ci alāqe dārin?,Širāz,"Dišab jašn‐e tavallod‐e Susan, xāhar‐e Sārā, bud. Hame‐ye dustān‐e Susan bejoz Nasrin dar xāne‐ye Susan dowr‐e ham jam’ budand. Dustān‐e Susan barā‐yaš hedye āvardand. Keyk‐o mive xordand va barā‐yaš āhang‐e ""Tavallod‐at mobārak!"" rā xāndand. Susan hedyehā rā bāz kard va az didan‐e ānhā xeyl‐i xošhāl šod. Be Susan‐o dustān‐aš xeyl‐i xoš gozašt. Nasrin nayāmad, con pedar‐aš bimār bud. U be Susan telefon kard va be u tabrik goft. Nasrin goft, ke sāl‐e digar hatman be jašn‐e tavallod‐e u xāhad āmad.",,Pāsox bedeh!,1. Dišab ke jašn‐e tavallod dāšt?<br>2. Dustān‐aš barā‐yaš ce āhang‐i xāndand?<br>3. Susan az ce xošhāl šod?<br>4. Cerā Nasrin nayāmad?<br>5. Nasrin pā‐ye telefon be Susan ce goft?,,,"41,42,43","28,29,30","Šahr‐e Širāz markaz‐e Ostān‐e Fārs‐ast va dar 900‐kilumetri‐ye jonub‐e Tehrān qarār dārad. Širāz zādgāh‐e Hāfez‐o Sa’di, do šāer‐e bozorg‐e irāni‐st. Širāz az porbāzdidtarin manāteq‐e gardešgari‐ye Irān‐ast va pāytaxt‐e farhangi‐ye Irān be šomār miāyad. Mardom‐e besyār‐i dar ta’tilāt‐e nowruzi az in šahr didan mikonand. Bahār‐e Širāz farāmušnašodani‐st. Dar bahār bu‐ye atr‐e nārenj dar bāqhā‐ye Širāz mipicad‐o ādami rā mast mikonad. Hammām, Bāzār va Masjed‐e Vakil dar kenār‐e Nārenjestān‐e Qavām‐o Arg‐e Karimxāni az banāhā‐ye didani‐ye Širāz hastand. Ārāmgāh‐e Hāfez, Ārāmgāh‐e Sa’di, Bāq‐e Eram va Bāq‐e Afifābād az digar didanihā‐ye Širāz‐and. Vaqt‐i be Širāz safar mikoni, hatman bāyad dar nazdiki‐ye Širāz az majmuehā‐ye bāstāni‐ye Taxt‐e Jamšid‐o Pāsārgād, ke sāxt‐ešān be biš az 2,500 sāl‐e piš bar migardad, didan koni.","10,11",,Pāsox bedeh!,1.  Širāz markaz‐e kodām ostān‐ast? 2.  Nām‐e šāerān‐e bozorg‐e širāzi ci‐st? 3.  Cerā bahār‐e Širāz farāmušnašodani‐st? 4.  Makānhā‐ye didani‐ye Širāz kodām and? 5.  Kodām majmuehā‐ye bāstāni nazdik‐e Širāz hastand?,"Minu:Šahrām, to be ci alāqe dāri?<br>Šahrām:Man bištar be varzeš‐o ketāb xundan alāqe dāram. Musiqi r‐am dust dāram. To be ci alāqemand‐i?<br>Minu:Honar‐o dust dāram. Teātr miram. Film tamāšā mikonam. Naqqāši‐yam mikonam. To ce varzeš‐i mikoni?<br>Šahrām:Tu hafte do ruz futbāl dāram. Āxarehaftehā‐m miram kuhnavardi.",12,,,,,Eski – šenā – majalle – ruznāme – āšpazi – raqs – āvāz – televiziyon – gardeš – sinamā,"20,21",11,,,,,,,,Pāsox bedeh!
13,Gozaštehā,lesson,12,Ci meyl dārin?,Tārix-e Irān,"Sārā‐vo dustān‐aš aknun dar otāq‐e Sārā hastand. Sārā dārad az gozaštehā ta’rif mikonad va dustān‐aš dārand be ta’rif‐e u guš mikonand: *Yād‐eš be xeyr. Vaqt‐i man bacce budam, mādarbozorg‐am hanuz zende bud. Barā‐m qessehā‐ye xeyl‐i qašang‐i migoft. Moteassefāne un mariz šod‐o mord. Pedarbozorg‐am xeyl‐i negarān‐e man bud. Yek‐i az un ruzā dāštam televiziyon tamāšā mikardam, ke pedarbozorg‐am umad piš‐e man. Un man‐o ru zānu‐š nešund‐o barā‐m qesse goft. Az un ruz be ba’d harruz barā‐m qesse migoft. Qessehā‐š xeyl‐i xandedār budan, con man‐o un naqš‐e asli ro tu qessehā bāzi mikardim. Har kār‐ i ke del‐emun mixāst, tu un qessehā mikardim. Be har ciz‐i ke dust dāštim, miresidim. Vāqean ke yād‐eš be xeyr.*","<table class=""table table-striped table-bordered""><thead><tr><th>Goftāri</th><th>Neveštāri</th></tr></thead><tbody><tr><td>yād‐eš</td><td>yād‐aš</td></tr><tr><td>barā‐m</td><td>barā‐yam</td></tr><tr><td>un</td><td>ān</td></tr><tr><td>ruzā</td><td>ruzhā</td></tr><tr><td>umad</td><td>āmad</td></tr><tr><td>man‐o</td><td>ma‐rā [man rā]</td></tr><tr><td>ru</td><td>ru‐ye</td></tr><tr><td>zānu‐š</td><td>zānu‐yaš</td></tr><tr><td>nešund</td><td>nešānd</td></tr><tr><td>qessehā‐š</td><td>qessehā‐yaš</td></tr><tr><td>budan</td><td>budand</td></tr><tr><td>ro</td><td>rā</td></tr><tr><td>del‐emun</td><td>del‐emān</td></tr></tbody></table>",Pāsox bedeh!,"1. Sārā barā‐ye ce kasān‐i az gozaštehā ta’rif mikonad?<br>2. Mādarbozorg‐e sārā key mord?<br>3. Vaqt‐i pedarbozorg piš‐e Sārā āmad, Sārā dāšt cekār mikard?<br>4. Pedarbozorg Sārā rā kojā nešānd?<br>5. Cerā qessehā‐ye pedarbozorg xandedār budand?",,Matn‐e ta’rif‐e Sārā rā az goftāri be neveštāri tabdil kon!,"44,45,46","31,32,33","Dar hezāre‐ye dovvom‐e piš az milād Āryāyiyān, mardomān‐i hendoorupāyi, be Irān mohājerat kardand. Mādhā, Pārshā va Pārthā‐ye āryāyi harkodām dar mantaqe‐i az Irān sokunat kardand. Noxostin farmānravāyi rā dar Irān Mādhā 715 p.m. banā kardand. Pas az ānhā Kuroš‐e Bozorg Šāhanšāhi‐ye Haxāmaneši rā 559 p.m. ta’sis kard. In šāhanšāhi ānconān pahnāvar bud, ke tārixnegārān ān rā yek emperāturi‐ye jahāni midānand. Haxāmanešiyān be din, zabān va farhang‐e mardomān‐e digar ehterām migozāštand.</p><p>Pas az šekast‐e Haxāmanešiyān be dast‐e Eskandar‐e Maqduni dar 330 p.m. Solukiyān be qodrat residand vali kam‐i ba’d Aškāniyān‐e irāni ānhā rā az Irān rāndand va Emperāturi‐ye Rom rā niz be cāleš kešidand. Aškāniyān va pas az ānhā Sāsāniyān do šāhanšāhi‐ye bozorg‐o qodratmand‐i budand, ke tā hamle‐ye Arabhā be Irān dar miyāne‐ye sade‐ye 7<sup>om</sup>‐e milādi bar Irān hokumat mikardand. Dowre‐ye Sāsāniyān ta’sirgozārtarin dowre‐ye tārixi‐ye Irān be šomār miravad. Gostareš‐e nofuz‐e farhangi‐ ye Irān be šarq‐o qarb dar in dowrān cešmgir‐ast. Ta’sis va šokufāyi‐ye Dānešgāh‐e Gondišāpur be onvān‐e yek‐i az mohemtarin marākez‐e elmi‐ye jahān‐e bāstān marbut be hamin dowre‐ast. Dar in dowre Sāsāniyān‐o Romiyān yekdigar rā hamtā midānestand.</p><p>Pas az hamle‐ye A’rāb Hodud‐e 200 sāl tul kešid, tā irāniyān hokumathā‐yi mahalli barpā kardand. In hokumathā naqš‐e bozorg‐i dar negahdāri‐ye farhang‐e Irān dāštand. Yek‐i az ānhā Selsele‐ye Sāmāniyān bud. Tā āqāz‐e qarn‐e 16<sup>om</sup>‐e milādi irāniyān digar hokumat‐e markazi dar extiyār nadāštand va pas az tahājom‐e peydarpey‐e Torkhā va Moqolhā zir solte‐ye ānhā qarār gereftand. Bā peydāyeš‐e Safaviyān irāniyān dobāre qodrat rā be dast gereftand va barā‐ye do qarn šāhanšāhi‐ ye bozorg‐i banā kardand. Dar Sade‐ye 18<sup>om</sup>‐e milādi noxost Selselehā‐ye Afšār‐o Zand va sepas Qājāriyān be qodrat residand. Irān rafte‐rafte taz’if šod va Qājāriyān dar qarn‐ e 19<sup>om</sup> baxš‐e bozorg‐i az Irān, beviže eyālathā‐ye orupāyi, rā az dast dādand. Āxarin selsele‐ye pādšāhi dar Irān Pahlavi nām dāšt va aknun biš az si sāl‐ast, ke hokumat‐e Irān yek jomhuri‐ye eslāmi‐st.","12,13,14",,Pāsox bedeh!,1.  Āryāyiyān key be Irān kuc kardand? 2.  Kuroš‐e Bozorg kodām šāhanšāhi rā ta’sis kard? 3.  Haxāmanešiyān bā mardomān‐e digar cegune raftār mikardand? 4.  Dar hezāre‐ye piš az hamle‐ye Arabhā ce šāhanšāhihā‐yi dar Irān     hokumat mikardand? 5.  Dānešgāh‐e Gondišāpur dar kodām dowre ta’sis šod? 6.  Sāmāniyān ce naqš‐i dar tārix‐e Irān dāštand? 7.  Pas az Arabhā ce kasān‐i be Irān hamle va bar Irān hokumat kardand? 8.  Safaviyān key zohur kardand? 9.  Baxš‐e bozorg‐i az sarzamin‐e Irān dar zamān‐e hokumat‐e ce         kasān‐i az dast raft?,"Pišxedmat: Xoš umadin! Befarmāyin! Ātusā: Lotfan ye miz barā do nafar.<br>Pišxedmat: Befarmāyin az in taraf. Kenār‐e panjere xub‐e? Ātusā: Āli‐ye. Mamnun.<br>Pišxedmat: Xob, ci meyl dārin? Ātusā: Qazā‐ye ruz‐etun ci‐ye?<br>Pišxedmat:Fesenjun dārim‐o Zereškpolow bā Morq.<br>Ātusā: Lotf konin, ye pors Fesenjun‐o ye pors Zereškpolow. Pišxedmat: Nushidani ci meyl mifarmāyin?<br>Ātusā: Ye dune duq‐o ye ābporteqāl lotfan. Pišxedmat: besyār xob, ziyād tul nemikeše. Ātusā: Dast‐etun dard nakone.",13,,,,,Tahcin – Kabāb‐e Kubide – Jujekabāb – Kabāb‐e Barg – Xoreš‐e Karafs – Lubiyāpolow – ābma’dani – šarbat‐e ālbālu – Pepsi,22,12,,"Yād‐aš be xeyr. Vaqt‐i man bacce budam, mādarbozorg‐am hanuz zende bud. Barā‐yam qessehā‐ye xeyl‐i qašang‐i migoft. Moteassefāne u mariz šod‐o mord. Pedarbozorg‐am xeyl‐i negarān‐e man bud. Yek‐i az ān ruzhā dāštam televiziyon tamāšā mikardam, ke pedarbozorg‐am āmad piš‐e man. U ma‐rā ru‐ye zānu‐yaš nešānd‐o barā‐yam qesse goft. Az ān ruz be ba’d harruz barā‐yam qesse migoft. Qessehā‐yaš xeyl‐i xandedār budand, con man‐o u naqš‐e asli rā dar qessehā bāzi mikardim. Har kār‐i ke del‐emān mixāst, dar ān qessehā mikardam. Be har ciz‐i ke dust dāštim, miresidim. Vāqean ke yād‐aš be xeyr.",,,,,,Pāsox bedeh!
14,Āšpazi‐ye Sāmān,lesson,13,Televiziyon‐emun xarāb šode.,Zartošt,"Sāmān, barādar‐e Sārā, hanuz āšpazi rā xub yād nagerefte‐ast. Mādar‐aš bārhā hameciz rā be u towzih dāde‐ast. Be u yād dāde‐ ast, ke ce bexarad, az kojā xarid konad, cegune qazā rā āmāde konad va cetowr miz rā becinad. Tā konun candin bār tahdig‐e berenj‐aš suxte‐ast. Yek bār Qormesabzi dorost karde bud, ke hesābi šur šode bud. Yek daf’e ham farāmuš karde bud, ke ojāq rā xāmuš konad. Vali Sāmān bā Susan šartbandi karde‐ast, ke inbār qazā‐yaš xošmaze šavad. U qarār‐ast, emruz Fesenjān dorost konad. Xodā be xeyr konad!",,Pāsox bedeh!,"1. Sāmān ce kār‐i rā hanuz yād nagerefte‐ast?<br>2. Mādar‐e Sāmān be u ce kārhā‐yi yād dāde‐ast?<br>3. Āyā Sāmān tā be hāl tahdig‐e berenj rā suzānde‐ast?<br>4. Sāmān bā Susan ce šart‐i baste‐ast?<br>5. U qarār‐ast, emruz ce bepazad?",,,"47,48,49","34,35","Zartošt yek filsuf va eslāhtalab‐e Irān‐e bāstān bud. Az āmuzehā‐ye u din‐e zartošti šekl gereft. Bištar‐e tārixnegārān zamān‐e zendegi‐ye u rā hodudan 1,000 sāl piš az milād midānand.</p><p>Dar āyin‐e Zartošt Ahurā Mazdā āfaridegār‐e xubihā‐st. Dar barābar‐e u Ahriman mowjud‐e besyār palid‐i‐st, ke xāleq‐e badihā‐st. Jahān sahne‐ye nabard‐e niki‐yo badi‐st. Xubi‐ye har ensān bā pendār‐e nik, goftār‐e nik va kerdār‐e nik be dast miāyad. Erāde‐ye ensān āzād‐ast, tā miyān‐e niki‐yo badi entexāb konad. Hattā pazireš‐e Ahurā Mazdā niz ejbāri nist. Šāyad be hamin dalil Haxāmanešiyān mardomān‐e digar rā dar gozineš‐e din āzād migozāštand.</p><p>Falsafe‐ye Zartošt tā hodud‐i bar dinhā‐ye digar, beviže din‐e yahudi, va niz falsafe‐ye Yunān ta’sir gozāšte‐ast. Taālim‐e Zartošt dar ketāb‐e Avestā gerdāvari šode‐and. Qarbiyān dar qarn‐e 18<sup>om</sup> be vasile‐ye tarjome‐ye Avestā bištar bā u āšnā šodand. Dar qarn‐e 19<sup>om</sup> filsufān‐ i con Hegel be motālee va tafsir‐e āmuzehā‐ye u pardāxtand. Bozorgtarin asar‐e andišmandān‐e qarbi dar bāre‐ye Zartošt ketāb‐e *Conin goft Zartošt* az Nietzsche‐ast.",15,,Pāsox bedeh!,"1.  Zartošt ke bud va key mizist? 2.  Dar āyin‐e Zartošt Ahurā Mazdā va Ahriman ce naqš‐i dārand? 3.  Se asl‐e dastyābi be xubi dar ensān kodām‐and? 4.  Dalil‐e āzād gozāštan‐e mardomān dar entexāb‐e din az su‐ye     Haxāmanešiyān ce mitavānad bāšad? 5.  Nām‐e ketāb‐i ke dar ān āmuzehā‐ye Zartošt jam’āvari šode‐and,     ci‐st?","Mahšid:Ci‐ye? Ci šode? Pakar‐i.<br>Rezā:Na, ettefāq‐i nayoftāde. Faqat televiziyon‐emun xarāb šode.<br>Mahšid:Moteassef‐am. Hanuz gārānti dāre?<br>Rezā:Na, alān ye cāhār sāl‐i hast, ke xaridim‐eš.<br>Mahšid:Az baccehā kas‐i nis, doros‐eš kone?<br>Rezā:Faqat Bahrām balad‐e, ke un‐am mosāferat‐e.<br>Mahšid:Xob, hālā mixāy cekār koni?<br>Rezā:Hicci, yā bāyad bedim ta’mir‐eš konan, yā ye dune now bexarim.",14,"- Hāl‐e nātamām dar zabān‐e goftāri mānand‐e gozašte‐ye sāde sarf     mišavad. Tafāvot ān tanhā dar jāygāh‐e tekye‐ast: xar*i*dim,     xarid*i*m (xaride‐im).",,,,Rādiyo – zabtesowt – yaxcāl – māšin‐e lebāsšuyi – māšin‐e zarfšuyi – kuler – girande‐ye māhvāre – carxegušt – maxlutkon,23,13,,,,,,,,Pāsox bedeh!
15,Šab‐e tufāni,lesson,14,Galu‐m dard mikone.,Esfahān,"Dišab tā sobh bād‐e šadid‐i miāmad. Tufān šode bud. Bārān‐e ziyād‐i ham bāride bud. Sārā fekr kard, ke šāyad dar‐e bālkon rā nabaste bāšad. Šāyad tufān dar otāq‐e pazirāyi goldān rā az ru‐ye miz bar kaf‐e otāq andāxte bāšad. Momken bud, ke bārān kaf‐e otāq rā kāmelan xis karde bāšad. Be hamin xāter u be otāq‐e pazirāyi raft, tā bebinad ke āyā dar‐e bālkon rā baste‐ast yā na. Xošbaxtāne dar baste bud. Goldān hanuz ru‐ye miz bud va kaf‐e otāq ham xošk bud.",,Pāsox bedeh!,"1. Dišab cexabar bud?<br>2. Sārā mitarsid, ke cekār nakarde bāšad?<br>3. Mitarsid, ke dar otāq‐e pazirāyi ce ettefāq‐i oftāde bāšad?<br>4. Sārā be otāq‐e pazirāyi raft, ke cekār konad?<br>5. Dar otāq‐e pazirāyi ce did?",,,"50,51","36,37","Šahr‐e Esfahān markaz‐e Ostān‐e Esfahān‐ast va dar nāhiye‐ye markazi‐ye Irān qarār dārad. In šahr tā Tehrān 420 km fāsele dārad. Rud‐e Zāyanderud az miyān‐e Esfahān migozarad va be ān jelve‐i besyār zibā mibaxšad. Esfahān ham az janbe‐ye tārixi va ham az janbe‐ye honari jozv‐e bartarinhā‐ye Irān be šomār miāyad.</p><p>Dar gozašte Esfahān pāytaxt‐e cand selsele‐ye pādšāhi, beviže Safaviyān, bude‐ast va az in ru namāyandegān‐o jahāngardān‐e bišomār‐i az šarq‐o qarb be Esfahān raftoāmad mikardand. Emruze niz kamtar kas‐i hast, ke Irān rā dide bāšad vali az Esfahān didan nakarde bāšad.</p><p>Esfahān pāytaxt‐e honari‐ye Irān be šomār miravad. Owj‐e honar rā dar in šahr mitavānim azjomle dar me’māri va sanāye‐e dasti‐ye ān az qabil‐e xātamkāri, minākāri, negārgari (miniyātur) va qalamkāri mošāhede konim. Šomār‐i az xirekonandetarin banāhā ye‐e tārixi‐yo honari dar Meydān‐e Naqš‐e</p><p>Jahān gerd‐e ham āmade‐and. Dar in meydān‐e besyār bozorg‐o bāšokuh mitavānim az Masjed‐e Šāh, Masjed‐e Šeyx Lotfollāh va Kāx‐e Āliqāpu didan konim‐o dāxel‐e bāzār‐e binazir‐e Esfahān šavim. Kāx‐e Cehelsotun, Madrese‐ ye Cāhārbāq, Kāx‐e Haštbehešt, Menārjonbān, Masjed‐e Jāme’, Kelisā‐ye Vānk va niz polhā‐ye tārixi‐ye Zāyanderud, azjomle Siyosepol va Pol‐e Xāju, az digar didanihā‐ye in šahr‐e zibā hastand.",16,,Pāsox bedeh!,1.  Kodām rud az vasat‐e Esfahān migozarad? 2.  Cerā jahāniyān dar gozašte be Esfahān raftoāmad mikardand? 3.  Honar‐e Esfahān rā dar ce cizhā‐yi mitavānim bebinim? 4.  Kodām didanihā rā mitavānim dar Meydān‐e Naqš‐e Jahān bebinim? 5.  Polhā‐ye tārixi‐ye Zāyanderud ce nām dārand?,"Doktor:Xob, befarmāyin moškel‐etun ci‐ye?<br>Fariborz:Galu‐m dard mikone.<br>Doktor:Candvaqt‐e?<br>Fariborz:Alān se ruz‐e. Vali emruz hāl‐am xeyl‐i badtar‐e.<br>Doktor:Ejāze bedin, moāyena‐tun konam. Lotfan in daraja ro bezārin tā tab‐etun‐o begiram.<br>Fariborz:Fekr mikonin, jeddi‐ye?<br>Doktor:Na, ciz‐e mohemm‐i nis. Ye sarmāxordegi‐ye joz’i‐ye.<br>Fariborz:Bāyad cekār konam?<br>Doktor:In qorsā ro har hašt sāat ye dune boxorin. Do‐se ruz‐am esterāhat konin. Hāl‐etun xub miše.<br>Fariborz:Cašm xānum doktor! Motšakker‐am.",15,,,,,"Hāl‐am bad‐e – hālattahavvo’ dāram – ... dard mikone Me’de – sar – del – kamar – pā – gardan – guš – šekam – sine<br>Lotfan derāz bekešin tā moāyana‐tun konam – ejāze bedin, fešārxun‐e tun‐o begiram<br>Me’dedard – sardard – deldard – kamardard – pādard – gardandard – gušdard – šekamdard – sinedard In ... ro ruz‐i se daf’e boxorin – in kerem/pomād‐o ru‐š bemālin<br>Qatre – dāru – kapsul – šarbat – davā",24,14,,,,,,,,Pāsox bedeh!
16,Dust‐e navāzande,lesson,15,Mitunam bā ... sohbat konam?,Kuroš‐e Bozorg,"Yek‐i az dustān‐e Sārā Bahrām‐ast. Bahrām navāzande‐ye besyār xubi‐st. Sedā‐ye garm‐i ham dārad. Bahrām‐o Sārā moddathā‐ st ke hamdigar rā mišenāsand. Emšab dar xāne‐ye Sārā yek mehmāni‐st. Sārā az Bahrām xāheš karde‐ast, tā emšab majles‐e ānhā rā garm konad. Bahrām qarār‐ast, ke sāat‐e hašt be xāne‐ye Sārā beravad. U tār‐e xod rā niz bā xod mibarad. Bahrām barnāme‐aš rā sāat‐e noh šoru’ mikonad. Xodaš ham mizanad va ham mixānad. Mehmānān az šenidan‐e sedā‐ye u va tār‐aš besyār lezzat mibarand.",,Pāsox bedeh!,"1. Emšab dar xāne‐ye Sārā cexabar‐ast?<br>2. Bahrām qarār‐ast, ke emšab cekār konad?<br>3. U ce ciz‐i rā bā xodaš mibarad?<br>4. Barnāme‐ye Bahrām ce sāat‐i šoru’ mišavad?<br>5. Āyā Bahrām yek xānande bā xodaš mibarad?",,,"52,53",38,"Kuroš‐e Bozorg (580‐529 p.M.) bonyāngozār‐e Šāhanšāhi‐ye Haxāmaneši bud. U noxostin ensān‐i‐st ke be u laqab‐e Bozorg dāde‐and. Farmānravāyi‐ye u sarzaminhā‐ye miyān‐e Daryā‐ ye Eže va Rud‐e Send rā dar bar migereft. Jahān tā ān zamān conin emperāturi‐ye pahnāvar‐i be cešm‐e xod nadide bud.</p><p>Kuroš fāteh‐i bozorg bud vali bā šekastxordegān be narmi raftār mikard. In ciz‐i bud, ke tā ān zamān sābeqe nadāšt. Yahudiyān dar Towrāt az u be onvān‐e nāji yād mikonand. Pas az fath‐e Bābel u yahudiyān rā az band āzād kard. Be ānhā komak kard, tā be sarzamin‐e xod beravand va kanisehā‐yešān rā dobāre besāzand.</p><p>Yunānizān niz az u bā ehterām yād mikonand. Sarāmad‐e hame‐ye āsār‐e bāstāni‐ye yunāni dar bāre‐ye Kuroš ketāb‐e Kurošnāme az Gezenofon motealleq be āqāz‐e qarn‐e 4<sup>om</sup>‐e piš az milād‐ast. Gezenofon dar in ketāb Kuroš rā be onvān‐e farmānravā‐yi bāmodārā misetāyad va farmānravāyi‐ye u rā olgu qarār midehad.</p><p>Mohemtarin sanad‐e bejāymānde az Kuroš Ostovāne‐ye Kuroš‐ast. Bāstānšenāsān in ostovāne rā dar kāvošhā‐ye šahr‐ e bāstāni‐ye Bābel dar sāl‐e 1879 m. yāftand. Ostovāne‐ye Kuroš marbut be fath‐e Bābel be dast‐e Kuroš dar sāl‐e 539 p.m.‐ast va dārā‐ye šavāhed‐e tārixi‐ye besyār bāarzeš‐i‐st. In ostovāne be Manšur‐e Hoquq‐e Bašar‐e Kuroš niz ma’ruf‐ast. Matn‐e in manšur hāki az be armaqān āvardan‐e solh‐o ārāmeš be Bābel, bāzsāzi‐ye niyāyešgāhhā‐ye virānšode va rahāyi‐o bāzgardāni‐ye asirān be mihan‐ešān‐ast. In ostovāne dar Muze‐ye Beritāniyā dar Landan va badal‐i az ān dar maqarr‐e Sāzmān‐e Melal‐e Mottahed dar *New York* negahdāri mišavad. Barx‐i az pažuhešgarān Manšur‐e Kuroš rā noxostin e’lāmiye‐ye hoquq‐e bašar dar jahān midānand.",17,,Pāsox bedeh!,1.  Kuroš‐e Bozorg ke bud? 2.  Tā piš az zohur‐e Kuroš ce ciz‐i sābeqe nadāšt? 3.  Cerā yahudiyān az u be onvān‐e yek rahāyibaxš yād mikonand? 4.  Yunānizān‐e bāstān cegune be Kuroš minegaristand? 5.  Cerā Ostovāne‐ye Kuroš yek sanad‐e tārixi‐ye arzešmand‐ast? 6.  Barx‐i az mohaqqeqān cegune az Ostovāne‐ye Kuroš yād mikonand?,"Xānom‐e Gilāni:  Befarmāyin! <br>Jamšid: Manzel‐e Āqā‐ye Gilāni? <br>Xānom‐e Gilāni:  Bale, šomā? <br>Jamšid: Man Jamšid‐am, yek‐i az hamkārā‐ye Farzād. Mitunam bā Farzād sohbat konam? <br>Xānom‐e Gilāni:  Jamšid jān, Farzād alān xune nist. Mixāy barā‐š peyqām bezāri? <br>Jamšid: Lotfan be‐heš begin, fardā qarār‐e, az ye pol‐e tārixi aks begirim. Hatman durbin‐eš‐o bā xodeš biyāre. <br>Xānom‐e Gilāni:  Cašm, hatman be‐heš migam. Omidvār‐am, yād‐eš nare. <br>Jamšid: Xeyl‐i mamnun. Xodā hāfez! <br>Xānom‐e Gilāni:  Xāheš mikonam, Xodā negahdār! ",16,,,,,Qasr – muze – masjed – kelisā – qal’e – kāx – arg – bāq – borj – hammām – kārvānsarā,"25,26",15,,,,,,,,Pāsox bedeh!
17,Moallem‐e Susan,lesson,16,Cand šab eqāmat mikonin?,Bāqhā‐ye irāni,"Dabirestān‐e Susan moallemin‐e xeyl‐i xub‐i dārad. Moallem‐e adabiyāt‐e Susan besyār‐i az aš’ār‐e šoarā‐ye irāni rā azbar midānad. U dars‐aš rā hamiše bā yek‐i az hekāyāt‐e Sa’di āqāz mikonad. Hargāh ke dānešāmuz‐i eštebāh mikonad, u yek beyt az yek še’r‐e āmuzande rā barā‐yaš bāzgu mikonad. Gāh‐i ham az abyāt‐e bištar‐i estefāde mikonad. U yek moallem‐e delsuz‐ ast va hamiše be vazāyef‐e xod amal mikonad.",,Pāsox bedeh!,"1. Madrese‐ye Susan cejur āmuzgārān‐i dārad?<br>2. Moallem‐e adabiyāt‐e Susan ce cizhā‐yi rā azbar midānad?<br>3. U cegune dars‐aš rā šoru’ mikonad?<br>4. Harvaqt yek šāgerd eštebāh mikonad, u cekār mikonad?<br>5. Āyā moallem‐e Susan ādam‐e vazifešenās‐i‐st?",,,"54,55,56",39,"Šive‐ye bāqsāzi dar Irān az gozašte šohrat‐e jahāni dāšte‐ast va pišine‐ye ān be bāq‐e Majmue‐ye Pāsārgād, pāytaxt‐e Kuroš‐e Bozorg, dar sade‐ye 6<sup>om</sup>‐e piš az milād miresad. Bāqhā‐ye irāni dar qadim pardis nām dāštand. Vāžehā‐ye *paradise*,* Paradis*, ... dar zabānhā‐ye orupāyi* *bargerefte az hamin vāže hastand.</p><p>Bāqsāzi‐ye irāni tarrāhi‐ye bāq rā az Hend tā Espāniyā va az tariq‐e ān tā digar kešvarhā‐ye orupāyi taht‐e ta’sir‐e xod qarār dād. Nemunehā‐ ye ta’sir‐e sabk‐e irāni rā mitavānim dar Tājmahal dar Hend va Alhambrā dar Espāniyā bebinim.</p><p>Bāqhā‐ye irāni namād‐i az sabk‐e zendegi va zowq‐o honar‐e irāni hastand. Dar še’r, adab, musiqi va hattā tarh‐e faršhā‐ye irāni ešārehā‐ye farāvān‐i be bāq‐e irāni mibinim. Tarrāhi‐ye hušmandāne‐ye bāq hamrāh bā sāxtemānhā‐ye darun‐e ān, Kārbord‐e fanāvarihā‐ye gunāgun az qabil‐e sāmānehā‐ye ābresāni‐yo ābyāri va niz tavānāyi‐ye pāsoxguyi be šarāyet‐e saxt‐e ābohavāyi az vižegihā‐ye bāqhā‐ye irāni hastand.</p><p>Tā konun candin nemune az bāqhā‐ye irāni, ce dar Irān va ce xārej az Irān, az su‐ye UNESCO dar Fehrest‐e Mirās‐e Farhangi‐ye Jahān jāy gerefte‐and. Az zibātarin bāqhā dar Irān mitavānim az Bāq‐e Eram dar Širāz va Bāq‐e Šāzde dar Māhān nām bebarim.",18,,Pāsox bedeh!,1.  Tārixce‐ye bāqhā‐ye irāni az key va kojā āqāz mišavad? 2.  Sabk‐e bāqsāzi‐ye irāni ce manāteq‐i az jahān rā taht‐e ta’sir‐e xod     qarār dāde‐ast? 3.  Barā‐ye in ta’sir ce nemunehā‐yi rā mišenāsi? 4.  Cerā bāq‐e irāni namād‐i az sabk‐e zendegi‐ye irāni‐st? 5.  Šive‐ye bāqsāzi‐ye irāni ce vižegihā‐yi dārad? 6.  Kodām bāqhā‐ye irāni rā mišenāsi?,"Mas’ul‐e pazireš: Salām! Xeyl‐i xoš āmadin! Befarmāyin!<br>Āqā‐ye Tehrāni: Salām. Bande Tehrāni hastam. Otāq‐e dotaxte‐ye xāli dārin? Mas’ul‐e pazireš: Cand šab eqāmat mikonin?<br>Āqā‐ye Tehrāni:Do šab.<br>Mas’ul‐e pazireš: Ye dotaxte‐ye xāli dārim, ru be daryā, šab‐i 150,000 Toman, hamrāh bā sobhāne. Āqā‐ye Tehrāni: Besyār xob. Hamun‐o bedin.<br>Mas’ul‐e pazireš: Lotf konin, in form‐o por konin. Injā r‐am emzā befarmāyin. Āqā‐ye Tehrāni: Befarmāyin!<br>Mas’ul‐e pazireš: Lotfan kārt‐e melli‐tun‐am lotf befarmāyin. Āqā‐ye Tehrāni: Befarmāyin!<br>Mas’ul‐e pazireš: In‐am kelid‐e otāq‐etun. Otāq‐e 701, tabaqe‐ye haftom. Āsānsor tah‐e rāhrow‐e. Āqā‐ye Tehrāni: Mamnun! Sobhāne tā ce sāat‐i‐ye?<br>Mas’ul‐e pazireš: Az haft tā dah‐o nim‐e sobh tu sālon‐e qazāxori, tabaqe‐ye avval. Camedunā ro in āqā barā‐tun miāran bālā. Āqā‐ye Tehrāni: Xeyl‐i mot’šakker‐am!",17,,,,,Telefoni rezerv kardam – otāq‐e šomā āmāda‐st (āmāde‐ast) Yetaxte – setaxte – ru be jangal<br>Šenāsnāme – gozarnāme – pāsport,27,16,,,,,,,,Pāsox bedeh!
18,,test,II,,,,,,,,,,,,,,,,,,,,,,,,,,,,,,,,
19,Pedar‐e varzeškār,lesson,17,Kojā tašrif mibarin?,Bādāb‐e Surt,"Manucehr, pedar‐e Sārā, be varzeš alāqe‐ye ziyād‐i dārad, zirā pas az varzeš xod rā sarehāl ehsās mikonad. U hattā dar zemestān sobhhā‐ye zud dar pārk tamrin mikonad, bā in ke havā besyār sard‐ast. Garce senn‐i az u gozašte‐ast, vali hanuz mitavānad bist kilumetr bedavad. Manucehr ādam‐e pormašqale‐i‐st. Bā in vojud varzeš rā hicgāh kenār nemigozārad. Az in ru hamiše sarzende‐vo pornešāt‐ast.",“Bā in ke senn‐i az u gozašte ast“ ya’ni “bā in ke senn‐aš bālā‐st“.,Pāsox bedeh!,1. Pedar‐e Sārā be ceciz alāqe dārad?<br>2. Cerā Manucehr varzeš rā dust dārad?<br>3. Manucehr sobhhā‐ye zud dar zemestān ce mikonad?<br>4. Cerā davidan‐e bist kilumetr barā‐ye Manucehr qābeletavajjoh‐ast?<br>5. Cerā Manucehr hamiše sarzende‐vo bānešāt‐ast?,,,"57,58,59,60",40,"Bādāb‐e Surt nām‐e cešmehā‐ye šegeftangiz‐i‐st ke dar jonub‐e šarqi‐ye Ostān‐e Māzandarān qarār dārand. Bādāb‐e Surt be zabān‐e mahalli ya’ni asar‐e āb‐e gāzdār. Vali in cešmehā bā nām‐e Cešmehā‐ye Talāyi yā Qasr‐e Talāyi ma’ruf šode‐and va be onvān‐e dovvomin asar‐e mirās‐e tabii‐ye Irān be sabt reside‐and.</p><p>Bādāb‐e Surt do cešme dārad. Āb‐e harkodām az in cešmehā rang, bu va maze‐ye xāss‐e xodaš rā dārad. Yek‐i šur‐e šur va digar‐i toršoširin‐ast. Āb‐e in cešmehā masāref‐e darmāni niz dārad. Ābhā‐ye rosubi‐ye in cešmehā hezārān sāl‐ast ke bā sarāzir šodan az kuhestān howzcehā‐ye rangin‐i rā dar del‐e saxrehā por mikonand. Tabiat in makān rā barā‐ye bāzi‐ye ranghā bā sanghā bargozide‐ast. Dar qesmat‐i saxrehā lāye‐lāye dar rang‐e nārenji zamin rā bālā rafte‐ and. Dar baxš‐i digar zamin lāye‐lāye sabz‐o ābi va kam‐i āntaraftar lāye‐lāye zard‐ast. Tābeš‐e nur‐e xoršid dar howzcehā‐ye rangin va en’ekās‐e nur ān dar sāyerowšan‐e tabiat yek‐i az zibātarin tāblowhā‐ye tabiat rā dar moqābel‐e cešmān‐e šegeftzade‐ye binandegān‐e xiš qarār midehad.</p><p>Dar jahān se kešvar‐e digar hastand, ke cešmehā‐yi mošābeh dārand: Torkiye, Āmrikā va Niyuzland. Nām‐e cešme dar Torkiye Pāmukāle‐ast. Pāmukāle bozorgtar az Bādāb‐e Surt‐ast, vali rang‐e ān be dalil‐e rosubāt‐e kalsiyom sefid‐ast.",19,“Šur‐e šur“ ya’ni “xeyl‐i šur”.,Pāsox bedeh!,1.  Bādāb‐e Surt kojā‐st? 2.  Cešmehā‐ye Bādāb‐e Surt be onvān‐e candomin asar‐e mirās‐e tabii dar     Irān be sabt reside‐and? 3.  In cešmehā bā ce nām‐i ma’ruf šode‐and? 4.  Bādāb‐e Surt cand cešme dārad? 5.  In cešmehā ce vižegihā‐yi dārand? 6.  Cerā dar matn‐e bālā az bāzi‐ye ranghā bā sanghā mixānim? 7.  Kodām kešvarhā cešmehā‐ye mošābeh‐i dārand?,"Modir‐e āžāns:Tāksiservis‐e Bahār, befarmāyin!<br>Xānom‐e Āzari:Salām. Bebaxšin, ye māšin mixāstam.<br>Modir‐e āžāns:Tamannā mikonam. Šomāre‐ye ešterāk dārin?<br>Xānom‐e Āzari:Na moteassefāne.<br>Modir‐e āžāns:Besyār xob, kojā tašrif mibarin?<br>Xānom‐e Āzari:Meydun‐e Tajriš.<br>Modir‐e āžāns:Ādres‐etun lotfan.<br>Xānom‐e Āzari:Xiyābun‐e Xoš, kuce‐ye Rāzgošā, pelāk‐e 14.<br>Modir‐e āžāns:Esm‐e šarif‐etun?<br>Xānom‐e Āzari:Bande Āzari hastam.<br>Modir‐e āžāns:Šomāretelefon‐etun‐am lotf mikonin?<br>Xānom‐e Āzari:Xāheš mikonam, 88 93 94 17.<br>Modir‐e āžāns:Xānum‐e Āzari, māšin tā dah daiqe dige miyād xedmat‐etun.<br>Xānom‐e Āzari:Motšakker‐am, xodā hāfez!<br>Modir‐e āžāns:Tamannā mikonam, Xodā negahdār!",18,"- “Kojā tašrif mibarin?“ be ma’ni‐ye “Kojā miravid?” be gune‐ye     moaddabānetar‐ast.   - Be jā‐ye “Esm‐e šarif etun?“ mitavānim nām‐e yek xānom rā bā     “Sarkār?“ va nām‐e yek āqā rā bā “Jenābāli?“ beporsim.   - “Bande“ dar injā be ma’ni‐ye ""man"" be kār miravad.   - “Miyād xedmat‐etun“ ya’ni miāyad, tā dar xedmat‐e šomā bāšad.",,,,Šomāre‐ye ešterāk‐etun cand‐e? ...<br>Barā‐ye kojā mixāstid?<br>Forudgāh – rāhāhan – Termināl‐e Qarb Key mirese?<br>Hamin alān – tā nim sāat‐e dige,28,17,,,,,,,,Pāsox bedeh!
20,Gomšode dar rāh,lesson,18,Ce model‐i barā tun bezanam?,Pārse (Taxt‐e Jamšid),"Yek ruz Sārā‐vo Faribā dāštand bā māšin be vilā‐ye dust‐ešān, ke xārej az šahr bud, miraftand. Dir‐i nagozašt, ke rāh‐ešān rā gom kardand. Ānhā be dehkade‐i residand, ke dar kenār‐e yek rudxāne bud. Az mard‐i ke āntaraf‐e xiyābān istāde bud, ādres‐ e mahall‐i rā porsidand, ke vilā‐ye dust‐ešān dar ānjā bud. Ān mard rāh rā be ānhā nešān dād. Ānhā az u tašakkor kardand va az masir‐i ke u be ānhā gofte bud, raftand va kam‐i ba’d be vilā residand.",“*Dir‐i nagozašt*” ya’ni ziyād tul nakešid.,Pāsox bedeh!,"1. Sārā‐vo Faribā kojā dāštand miraftand?<br>2. Ānhā key rāh rā gom kardand?<br>3. Ānhā be kojā residand?<br>4. Mard‐i ke az u ādres porsidand, kojā istāde bud?<br>5. Āyā masir‐i ke ān mard be ānhā goft, dorost bud?<br>6. Sārā‐vo Faribā key be maqsad‐e xod residand?",,,"61,62",41,"Dar 64‐kilumetri‐ye šomāl‐e Širāz bāqimānde‐ye kāxhā‐ yi rā mibinim, ke az zamān‐e Haxāmanešiyān, ya’ni taqriban 2,500 sāl‐e piš, barjā mānde‐and. Majmue‐ye in kāxhā Pārse yā Taxt‐e Jamšid nām dārad. Jahāniyān ān rā be nām‐e Perspolis mišenāsand. In kāxhā az šāhkārhā‐ ye me’māri dar jahān‐e bāstān mahsub mišavand. Pāyegozār‐e in majmue Dāryuš‐e Bozorg bud. Šāhanšāhān‐e pas az u, beviže Xašāyāršā, ān rā takmil kardand. Pārse talfiq‐i bihamtā az anāsor‐e gunāgun‐e me’māri‐yo honari‐ye besyār‐i az mellathā‐ye jahān‐e bāstān‐ast.</p><p>Masāhat‐e in majmue 125,000 m<sup>2</sup>‐ast, ke nešān az azemat ān dārad. Ma’ruftarin banāhā Kāx‐e Āpādānā, Kāx‐e Sadsotun va Darvāze‐ye Melal hastand. Bar divārhā va pellekānhā‐ye in majmue tasāvir‐e barjeste‐i rā mibinim, ke mā rā bā mardomān‐e moxtalef‐e šāhanšāhi āšnā mikonand. Hamconin sangneveštehā‐yi rā miyābim, ke azjomle be xatt‐e pārsi‐ye bāstān gušehā‐yi az tārix‐e Irān rā bāzgu mikonand. Yek‐i az cizhā‐yi ke jalb‐e tavajjoh mikonad, feqdān‐e tasāvir‐e jang‐o xunrizi‐st. In majmue be nahv‐i solh‐o ārāmeš‐e mardomān rā be tasvir mikešad.</p><p>Eskandar‐e Maqduni dar sāl‐e 330 p.m. Pārse rā be ātaš kešid. Dar kāvošhā‐ye bāstānšenāsān dar sālhā‐ye 1930‐39 m. asnād‐i be dast āmadand, ke ettelāāt‐e mohemm‐i rā dar bāre‐ye ān dowrān be dast‐e mā midehand. In asnād beviže bar jāygāh‐e vālā‐ye zanān dar zamān‐e Haxāmanešiyān govāhi midehand. Zanān az conān jāygāh‐i barxordār budand, ke pāre‐i az pažuhešgarān‐o tārixdānān hattā az barābari‐ye zan‐ o mard soxan miguyand. In dar hāl‐i‐st ke dar ān zamān, va hattā moddathā pas az ān, zanān dar sāyer‐e noqāt‐e jahān yā barde be hesāb miāmadand yā az hoquq‐e nāciz‐i barxordār budand.","20,21",,Pāsox bedeh!,1.  Majmue‐ye Pārse kojā qarār dārad? 2.  Qedmat‐e ān taqriban cand sāl‐ast? 3.  In majmue rā ke sāxt? 4.  Ma’ruftarin banāhā‐ye Pārse kodām and? 5.  Ceciz dar naqšhā‐ye ru‐ye divārhā‐vo pellekānhā jalb‐e tavajjoh     mikonad? 6.  Asnād‐e bedastāmade dar Pārse dar bāre‐ye zanān az ce hekāyat     mikonand?,"Ārāyešgar:Befarmāyin!<br>Moštari:Mixāstam muhā‐m‐o kutā konam.<br>Ārāyešgar:Ce model‐i barā‐tun bezanam?<br>Moštari:Lotfan pošt‐o baqalā ro hesābi kutā konin, vali jolow ziyād kutā naše.<br>Ārāyešgar:Mixāyn surat‐etun‐am eslā konam?<br>Moštari:Bale, lotfan.<br>– – – – – – – – – –<br>Ārāyešgar:Sešuār‐am bekešam?<br>Moštari:Bale, age zahmat‐i nist.<br>– – – – – – – – – –<br>Ārāyešgar:Besyār xob. Befarmāyin, tu āyne negāh konin. Pošt‐eš xub‐e?<br>Moštari:Bale, dast etun dard nakone. Ceqad taqdim konam?<br>Ārāyešgar:Qābel‐i nadāre. Cāhār‐o punsad.",19,- “Ceqad taqdim konam?” ya’ni “Ceqadr pardāxt konam?”,,,,Mixāstam muhā‐m‐o kutā konam – mixāstam muhā‐m‐o fer bezanam<br>Vaqt‐e qabli gereftin? – qablān vaqt gereftin?<br>Ceqad kutā beše? – Fer‐e riz yā fer‐e dorošt?<br>Sešuār‐am bekešam? – Abruhā‐tun‐am morattab konam?,29,18,,,,,,,,Pāsox bedeh!
21,Alāqe be musiqi,lesson,19,Hazine-ye post-eš ceqad miše?,Ferdowsi,"Az zamān‐i ke Sārā bā Bahrām āšnā šod, alāqe‐ye bištar‐i be musiqi‐ye asil‐e irāni peydā kard. Bahrām navāzandegi rā az kudaki āqāz kard, hamān towr‐i ke pedar‐aš dar kudaki musiqi rā nazd‐e yek ostād‐e bozorg yād gerefte bud. Pedar‐e Bahrām u rā hamiše be konsert‐e navāzandegān‐o xānandegān‐e mašhur mibord, cerāke mixāst Bahrām rā behtar bā musiqi āšnā konad. Bahrām conān taht‐e ta’sir‐e ān musiqidānān qarār gereft, ke dar senn‐e davāzdahsālegi be candin sāz tasallot dāšt. Sārā tasmim dārad, ke nazd‐e Bahrām āmuzeš bebinad, dar surat‐i ke aqlab‐e dustān‐e u musiqi‐ye pāp rā bištar mipasandand.",,Pāsox bedeh!,1. Sārā az key be musiqi‐ye asil‐e irāni bištar alāqemand šod?<br>2. Bahrām az key navāzandegi rā šoru’ kard?<br>3. Pedar‐e Bahrām u rā dar kudaki kojā mibord?<br>4. Cerā in kār rā mikard?<br>5. Bahrām dar davāzdahsālegi tā ce hadd‐i pišraft karde bud?<br>6. Sārā ce tasmim‐i gerefte‐ast?,,,63,42,"*Bas‐i ranj bordam dar in sāl siAjam zende kardam bed‐in pārsi*</p><p>In beyt‐e ma’ruf az Ferdowsi, sorāyande‐ye hamāse‐ye melli‐ye irāniyān, Šāhnāme,‐ast. Ferdowsi biš az hezār sāl‐e piš dar Tus be donyā āmad. Si sāl tul kešid tā Šāhnāme, in šāhkār‐e adabi, rā sorud. Sisad sāl pas az ān ke Arabhā Irān rā fath kardand, u bā</p><p>sorudan‐e Šāhnāme zabān‐e pārsi rā zende kard. Kamābiš hame‐ye vāžehā‐ye bekārrafte dar Šāhnāme pārsi‐ye sare hastand. Mardomān‐e kešvarhā‐ye digar‐i ke Arabhā fath kardand, emruze be zabān‐e arabi soxan miguyand.</p><p>Šāhnāme gozaštehā‐vo afsānehā‐ye kohan‐e Irān rā dar qāleb‐e še’r be tasvir mikešad. Dahhā šaxsiyat‐e tārixi, nimetārixi va afsānei, ce zan‐o ce mard, dar ān naqš bāzi mikonand, tā farhang‐ e irāni rā jāvidān konand. Šāhnāme dārā‐ye 62 dāstān, 990 fasl va kamābiš 60,000 beyt‐ast. Az miyān‐e dāstānhā‐ye Šāhnāme mitavānim az Kāve‐ye Āhangar, Rostam‐o Sohrāb, Rostam‐o Afrāsiyāb, Siāyvaš‐o Sudābe va niz dāstānhā‐ye āšeqāne‐ye Zāl‐o Rudābe va Bižan‐o Maniže nām bebarim. Tarjome‐ye Šāhnāme va dāstānhā‐ye ān be zabānhā‐ye gunāgun‐e donyā vojud dārad. Ferdowsi dar haštādsālegi dar gozašt. Irāniyān hamvāre sepāsgozār‐o vāmdār‐e u hastand.","22,23","- ""Sāl si"" ya’ni ""si sāl"".   - Arabhā pas az fath‐e Irān be irāniyān *Ajam* migoftand.   - *Bed *gune‐ye adabi‐ye* be*‐ast, ke bištar dar tarkib bā* in*,* ān     *va* u *be kār miravad.   - ""Sare"" ya’ni ""be dun‐e vāžehā‐ye bigāne"".",Pāsox bedeh!,1. Ferdowsi ki‐st?  2. U key va kojā be donyā āmad?  3. Ketāb‐e ma’ruf‐e u ce nām dārad?  4. Vižegihā‐ye ketāb‐e u ci‐st?  5. Nām‐e kodām dāstānhā‐ye in ketāb rā midāni?  6. Ferdowsi dar ce senn‐i dargozašt?  7. Cerā mardom‐e Irān xod rā madyun‐e u midānand? ,"Moštari:   Salām! Mixāstam in basta ro post konam. <br>Kārmand‐e post:  Salām! Tu‐š ci‐ye? <br>Moštari:   Ye seri ketāb‐o yexurda‐m xoškbar. <br>Kārmand‐e post:  Be kojā mixāyn befrestin? <br>Moštari:   Be Landan. Hazine‐ye post‐eš caqad miše? <br>Kārmand‐e post:  Bezārin vazn‐eš konam ... Ye kilu‐vo haftsad‐o panjāh geram. Bā post‐e āddi miše do hezār‐o punsad Toman. <br>Moštari:   Cand ruz tul mikeše? <br>Kārmand‐e post:  Do hafte. Bā post‐e sefāreši haft ruz tul mikeše. Vali hazina‐š miše šiš hezār Toman. <br>Moštari:   Pas bā post‐e sefāreši lotfan. <br>Kārmand‐e post:  Besyār xob. Nešuni‐ye ferestande‐vo giranda ro bā kod‐e posti ru‐š benevisin. In form‐am por konin. <br>Moštari:   Cašm, xeyl‐i mamnun. ",20,,,,,Aks – peste – ājil – kādo – lebās<br>Pāris – Rom,30,19,,,,,,,,Pāsox bedeh!
22,Otobus‐e ba’di,lesson,20,Nerx‐e Dolār cand‐e?,Bozorgān‐e dāneš‐o andiše,"Zemestān bud. Havā xeyl‐i sard bud. Sāmān, barādar‐e Sārā, be madrese rafte bud. U ma’mulan bā otobus be xāne bar migašt. Dar ān ruz dars‐aš kam‐i bištar tul kešid va otobus rafte bud. Agar kam‐i zudtar reside bud, otobus hanuz narafte bud. Montazer‐ e otobus‐e ba’di šod. U be mādar‐aš qowl dāde bud, ke zudtar be xāne bar gardad. Bā xodaš fekr kard, ke agar dir be xāne beresad, mādar‐aš hatman negarān mišavad. Barf‐e šadid‐i mibārid va Sāmān hengām‐e entezār dar istgāh‐e otobus hesābi milarzid. Xošbaxtāne otobus‐e ba’di zud āmad. Agar kam‐i dirtar āmade bud, Sāmān az sarmā yax zade bud.",,Pāsox bedeh!,"1. Cerā Sāmān be otobus naresid?<br>2. U cerā fekr mikard, ke mādar‐aš negarān mišavad?<br>3. Cerā Sāmān dar istgāh‐e otobus milarzid?<br>4. Agar otobus‐e ba’di rā nemigereft, ce ettefāqi mioftād?",,,64,43,"Irān dar zamānhā‐ye qadim mahd‐e dāneš‐o andiše bude‐ast. Besyār‐i az mafāhim‐e elmi‐ye emruzi vāmdār‐e pažuhešhā‐ye dānešmandān‐e irāni hastand. Az miyān‐e in dānešmandān mitavānim az navābeq‐i hamcon Xārazmi, Rāzi, Pur‐e Sinā (Ebn‐e Sinā) va Xayyām nām bebarim. Haryek az ānhā be šomār‐ e besyār‐i az šāxehā‐ye olum tasallot dāšt va dārā‐ye šohrat‐e jahāni‐st.</p><p>**Xārazmi **(780‐850 m.) riyāzidān, setārešenās, filsuf, joqrāfidān va movarrex bud.** **U rā Pedar‐e Jabr nāmide‐and. U dānešmand‐i bud, ke a’dād‐e hendi rā be jahāniyān šenāsānd. Nām‐e *Alegbra* riše dar nām‐e yek‐i az ketābhā‐ye u dārad. Hamintowr nāmhā‐ye ālgoritm va logāritm be talaffoz‐e nām‐e u dar zabān‐e Lātin bar migardand. George Sarton, nevisande‐ye ketāb‐e Tārix‐e Elm, sade‐ye 9<sup>om</sup> rā Asr‐e Xārazmi nāmide‐ast.</p><p>**Rāzi **(854‐925 m.) pezešk, šimidān va filsuf‐i bud ke be kašf‐e alkol va jowhar‐e** **gugerd (asid sulfurik) ma’ruf‐ast. George Sarton u rā bozorgtarin pezešk‐e Qorun‐e Vostā midānad.</p><p>**Pur‐e Sinā **yā** **Ebn‐e Sinā** **(908‐1037 m.), filsuf va pezešk, mašhurtarin** **dānešmand‐e irāni‐st. George Sarton u rā yek‐i az mašhurtarin dānešmandān dar hame‐ye a’sār dāneste‐ast. Pur‐e Sinā 450 ketāb dar zaminehā‐ye gunāgun ta’lif kard. Mohemtarin āsār‐e u yek dānešnāme‐ye elmi‐yo falsafi be nām‐e Šafā va ketāb‐e Qānun dar zamine‐ye pezeški hastand. Qānun tā qarn‐e 18<sup>om</sup> be onvān‐e ketāb‐e me’yār barā‐ye dāneš‐e pezeški dar Orupā be šomār miraft.</p><p>**Xayyām **(1048‐1131 m.) filsuf, riyāzidān va setārešenās‐i bud, ke dar zaminehā‐ye mekānik, joqrāfi, ma’danšenāsi va musiqi niz āsār‐i barjāy gozāšte‐ast. Dar zamine‐ye jabr Mohemtarin resālehā‐ye piš az Asr‐e Jadid rā be u nesbat midehand. Yek‐i az kārhā‐ye barjeste‐ye u eslāh‐e gāhšomāri‐ye irāni bude‐ast. Taqvim‐e irāni az taqvim‐e milādi daqiqtar‐ast. Xayyām andišehā‐ye hakimāne‐ye xod rā be zabān‐ e sāde dar robāiyāt‐aš bayān mikonad. Robāiyāt‐e u šohrat‐e jahāni dārand.","24,25",,Pāsox bedeh!,1.  Xārazmi rā pedar‐e kodām šāxe az elm midānand? 2.  Rāzi ce cizhā‐yi rā kašf kard? 3.  Ma’ruftarin ketābhā‐ye Pur‐e Sinā ce nām dārand? 4.  Ketāb‐e Qānun tā key ketāb‐e me’yār‐e pezeški bud? 5.  Yek‐i az kārhā‐ye barjeste‐ye Xayyām ce bud?,"Āqā‐ye Xākbāz: Salām! Bebaxšin, bāje‐ye xadamāt‐e arzi haminjā‐st? Kārmand‐e bānk: Bale. Amr‐etun‐o befarmāyin!<br>Āqā‐ye Xākbāz: Mixāstam age miše hezār‐o punsad Dolār tabdil konam. Nerx‐e emruz‐e Dolār cand‐e? Kārmand‐e bānk: Xāheš mikonam. Ye lahze ejāze bedin, negāh konam ... se hezār‐o sisad Toman. Āqā‐ye Xākbāz: Ey bābā, tā diruz se hezār‐o punsad Toman bud.<br>Kārmand‐e bānk: Bale, Dolār emruz divist Toman nozul karde. Kollan qeymat‐e arz pāyin umade. Āqā‐ye Xākbāz: Bāše, in hezār‐o punsad Dolār xedmat‐e šomā.",21,"- Vaqt‐i dar bāre‐ye yek esm be towr‐e kolli sohbat mikonim, ān rā     jam’ nemibandim: Qeymat‐e arz pāyin āmade‐ast. Man Sib dust dāram.",,,,Yen – Pond<br>Bālā rafte – taraqqi karde,31,20,,,,,,,,Pāsox bedeh!
23,Farāmuškāri,lesson,21,Parvāz ce sāat‐i‐ye?,Bozorgān‐e adab‐o andiše,"Panjšanbešab Mahnāz, mādar‐e Sārā, dāšt televiziyon tamāšā mikard. Yekdaf’e yād‐aš oftād, ke barā‐ye fardā mehmān da’vat karde‐ast. Mahnāz ma’mulan ādam‐e farāmuškār‐i nist va az bibarnāmegi xoš‐aš nemiāyad. Be jor’at mitavān goft, ke tā konun conin ettefāq‐i barā‐yaš rox nadāde bud. Vali inbār cāre‐i joz xarid‐e howlhowlaki nadāšt, con forušgāhhā tā nim sāat‐e digar mibastand. Inbār digar list‐e xarid‐i dar kār nabud. Fowran be forušgāh raft va harce be nazar‐aš resid, xarid. In pišāmad u rā conān tarsānd, ke az ān zamān be ba’d qarārhā‐yaš rā dar taqvim yāddāšt mikonad.",,Pāsox bedeh!,1. Mahnāz panjšanbešab dāšt cekār mikard?<br>2. Nāgahān ceciz yād‐aš oftād?<br>3. Mahnāz tā ān šab cand bār farāmuškāri karde bud?<br>4. Cerā Mahnāz be dun‐e list‐e xarid be forušgāh raft?<br>5. Mahnāz az ān zamān be ba’d cekār mikonad?,"""Digar list‐i dar kār nabud"" ya’ni ""digar list‐i vojud nadāšt"".",,"65,66,67","44,45","Adab‐e pārsi pišine‐i dirine dārad va az gerānbahātarin adabiyāt‐e bašariyat be šomār miravad. Dar adabiyāt‐e pārsi še’r hamvāre jāygāh‐e viže‐i dāšte‐ast. Az miyān‐e šāerān‐e irāni mitavān az Sa’di, Mowlavi (Rumi) va Hāfez nām bord. Haryek az ānhā šohrat‐e jahāni dārad va tarjome‐ye āsār‐aš be zabānhā‐ye gunāgun dar dastres‐ast.</p><p>**Sa’di **(568‐671 h.š.) be Ostād‐e Soxan šohrat dārad. U moddat‐e derāz‐i az omr‐e xod rā** **dar safarhā‐ye** **pormājarā be kešvarhā‐ye gunāgun gozarānd. Ma’ruftarin āsār‐e Sa’di Bustān va Golestān nām dārand. Soxan‐e Sa’di bār‐e axlāqi‐yo ensāndusti dārad. Irāniyān az xordsāli bā aš’ār‐o hekāyāt‐e u āšnā mišavand va besyār‐i az ānhā dar nazd‐e irāniyān zarbolmasal šode‐and.</p><p>**Mowlavi **(586‐652 h.š.) az bozorgtarin va porkārtarin** **ārefān‐o šāerān‐e irāni‐st. U dar javāni be Quniyye** **(Torkiye‐ye emruzi, Rum‐e sābeq) raft va dar ānjā mizist. Be hamin dalil be u Rumi niz miguyand. Ma’ruftarin āsār‐e u Divān‐e Šams‐e Tabrizi va Masnavi‐ye Ma’navi nām dārand. Āsār‐e u bozorgtarin ta’sir rā dar adab‐ e ārefāne dāšte‐and.</p><p>**Hāfez **(706‐769 h.š.) mahbubtarin šāer‐e irāni‐st. Šāyad hic xāne‐i rā** **dar Irān natavān yāft, ke dar** **ān Divān‐** **e Hāfez nabāšad. Hāfez qazal rā be noqte‐ye owj‐e xod resānd. Soxan‐e Hāfez hakimāne‐vo jāduyi‐st va hekāyat az setiz bā riyākāri‐yo jahl‐o taassob dārad. Hāfez az conān maqām‐i dar nazd‐e jahāniyān barxordār‐ ast, ke šifte‐ye u, Göthe, dar bāre‐aš conin miguyad: *“... Hāfez! Xiš rā* *bā* *to barābar nahādan, joz nešān‐e* *divānegi nist.”*","26,27,28",,Pāsox bedeh!,1.  Adabiyāt‐e fārsi ce jāygāh‐i dar jahān dārad? 2.  Ma’ruftarin āsār‐e Sa’di ce nām dārand? 3.  Ma’ruftarin āsār‐e Mowlavi ce nām dārand? 4.  Ce ketāb‐i ehtemālan dar xāne‐ye hame‐ye irāniyān hast? 5.  Soxan‐e Hāfez ce vižegihā‐yi dārad?,"Āqā‐ye Āzād:   Salām! Lotf konin, do tā bilit bā Iran Air be maqsad‐e Pāris. <br>Kārmand‐e āžāns:  Salām! Faqat bilit‐e raft yā bilit‐e raftobargašt? <br>Āqā‐ye Āzād:    Raftobargašt lotfan. <br>Kārmand‐e āžāns: Barā‐ye ce tārix‐i mixāyn? <br>Āqā‐ye Āzād:   Raft dahom‐e mordād, bargašt davāzdahom‐e šahrivar. <br>Kārmand‐e āžāns:  Jam’an miše haštsad hezār Toman. <br>Āqā‐ye Āzād:    Besyār xob, sāder befarmāyin! <br>Kārmand‐e āžāns:  Lotfan esm‐e xodetun‐o hamrāh‐etun‐o befarmāyin. <br>Āqā‐ye Āzād:    Bande Rāmin‐e Āzād hastam. Bā doxtar‐am Parisā Āzād safar mikonam. <br>Kārmand‐e āžāns:  Ye lahze ejāze befarmāyin ... Befarmāyin, in‐am bilitā‐tun. <br>Āqā‐ye Āzād:    Key bāyad forudgāh bāšim? <br>Kārmand‐e āžāns:  Bāyad do sāat zudtar tu termināl‐e parvāzā‐ye xāreji bāšin. Šomāre‐ye parvāz IR 721‐e. <br>Āqā‐ye Āzād:    Nafar‐i cand kilu bār mitunim bebarim? <br>Kārmand‐e āžāns: Siy‐o panj kilu. Gozarnāmehā‐tun‐am yād‐etun nare! ",22,,,,,Luthansa – Berlin – pesar – bist‐o panj kilu,32,21,,,,,,,,Pāsox bedeh!
24,Dozdi dar mahalle,lesson,22,Cand tā camedun dārin?,Varzeš dar Irān,"Hafte‐ye gozašte dar atrāf‐e xāne‐ye Sārā yek dozdi surat gerefte‐ast. Gofte mišavad, ke polis tā konun talāšhā‐ye ziyād‐i barā‐ ye dastgiri‐ye dozdān karde‐ast. Tebq‐e gozāreš‐e polis dozdān dar nazdiki‐ye xāne‐ye Sārā tavassot‐e cand rahgozar dide šode‐ and. In dovvomin bār‐i‐st ke dar in mahalle dozdi šode‐ast. Avvalin dozdi hodud‐e cāhār sāl‐e piš rox dāde bud. Dozdān‐e ān dozdi be zudi tavassot‐e polis dastgir šodand.",,Pāsox bedeh!,"1. Hafte‐ye piš dozdi kojā surat gereft?<br>2. Rahgozarān tebq‐e gozāreš‐e polis dozdān rā kojā dide‐and?<br>3. In candomin bār‐ast, ke dar mahalle‐ye Sārā dozdi šode‐ast?<br>4. Avvalin bār dar in mahalle key dozdi šod?<br>5. Āyā polis dozdān‐e hafte‐ye gozašte rā dastgir karde‐ast?",,,68,46,"Dosevvom‐e mardom‐e Irān zir‐e 30 sāl hastand. Az in ru varzeš dar Irān mahbub‐ast. Dar Irān‐e bāstān javānān dar varzešhā‐ye zamān‐e xod, az qabil‐e asbsavāri, tirandāzi va košti āmuzeš mididand. Irān zādgāh‐e cowgān‐ast. Varzeš‐ o axlāq dar Irān bā yekdigar rābete‐ye mostaqim dāštand va be in amr hanuz tavajjoh mišavad. Yek‐i az varzešhā‐ye kāmelan irāni varzeš‐e bāstāni‐st, ke be onvān‐e yek mirās‐ e ma’navi‐ye jahāni dar fehrest‐e UNESCO be sabt reside‐ ast. Be qahremānān‐e in varzeš‐e razmi pahlevān miguyand. Pahlevān qahremān‐i javānmard‐ast.</p><p>Košti‐ye āzād niz varzeš‐i melli be šomār miravad. Bā in hāl mahbubtarin varzeš dar nazd‐e irāniyān futbāl‐ast. Tim‐e Melli‐ye Irān tā konun cāhār bār be bāzihā‐ye Jām‐e Jahāni‐ ye Futbāl rāh yāfte‐ast. Irān se bār‐e peydarpey qahremān‐ e Āsiyā šode‐ast. Vojud‐e manāteq‐e boland‐o kuhestāni‐ ye farāvān dar Irān emkānāt‐e xub‐i rā barā‐ye eski va beviže kuh‐o saxrenavardi farāham mikonad. Vaznebardāri, varzešhā‐ye razmi, basketbāl, vālibāl va futsāl azjomle varzešhā‐ye mahbub‐e digar‐i hastand, ke Irān dar ānhā be movaffaqiyathā‐ye āsiyāyi‐o jahāni dast yāfte‐ast.</p><p>Az miyān‐e bozorgtarin varzeškārān‐e irāni mitavān az Jahānpahlevān Gholamreza Takhti (bā cāhār bār qahremāni dar mosābeqāt‐e jahāni‐ye košti), Hossein Rezazadeh (dārande‐ye rekord‐e jahāni dar vaznebardāri‐ye sanginvazn) va niz Ali Dayi (dārā‐ye rekord‐e jahāni‐ye golzani dar futbāl) nām bord.</p><p>Bānovān‐e irāni niz dar varzeš porkār‐and va gāh‐i āqāyān rā “poštesar migozārand”. Laleh Seddigh, dānešju‐ye doktorā, nemune‐i rā be namāyeš gozāšt: U dar candin mosābeqe‐ye qahremāni‐ye otomobilrāni‐ye Irān raqibān‐e mard‐e xod rā šekast dād.","29,3",,Pāsox bedeh!,1.  Dar Irān varzeš‐o axlāq ce rābete‐i bā yekdigar dārand? 2.  Be qahremānān‐e varzeš‐e bāstāni ce miguyand? 3.  Mahbubtarin varzeš dar Irān kodām varzeš‐ast? 4.  Irān azjomle dar kodām varzešhā be movaffaqiyathā‐ye beynolmelali     dast yāfte‐ast? 5.  Kodām varzeškārān‐e bozorg‐e irāni rā mišenāsi?,"Motessadi:Bilitā‐tun‐o lotf konin.<br>Xānom‐e Nāmju: Befarmāyin!<br>Motessadi:Cand tā camedun dārin?<br>Xānom‐e Nāmju: Do tā. Ye sākdasti‐yam dārim, ke mibarim tu havāpeymā. Age miše lotfan ye sandali‐ye kenār‐e panjere.<br>Motessadi:Cašm. In‐am kārtā‐ye parvāz‐etun. Radif‐e davāzdah, sandalihā‐ye F‐o G. Tašrif bebarin geyt‐e hašt.<br>– – – – – – – – – –<br>Ma’mur‐e kontorol: Gozarnāma‐tun lotfan.<br>Xānom‐e Nāmju:Befarmāyin!<br>Ma’mur‐e kontorol: Išun pesar‐etun‐an?<br>Xānom‐e Nāmju:Bale.<br>Ma’mur‐e kontorol: Befarmāyin.",23,,,,,Sandali‐ye taraf‐e rāhrow<br>Pāsport – hamsar,33,22,,,,,,,,Pāsox bedeh!
25,Mosābeqe‐ye futbāl,lesson,23,Lotfan camedun‐o bāz konin!,Musiqi‐ye Irān,"Sāmān, barādar‐e Sārā, va dust‐aš, Kāmbiz, emruz be Varzešgāh‐e Āzādi miravand, tā mosābeqe‐ye futbāl‐e Irān‐o Kore‐ye Jonubi rā bebinand. Bāzihā‐ye Irān‐o Kore hamiše hassās hastand va tamāšāgarān‐e ziyād‐i dārand. In bāzi barā‐ye binandegān‐ e televiziyon niz mostaqim paxš mišavad. Qarār‐ast, ke Ferdowsipur, mahbubtarin gozārešgar‐e futbāl‐e Irān, in bāzi rā gozāreš konad. Sāmān omidvār‐ast, ke Irān in bāzi rā bebarad. Bord‐e in bāzi barā‐ye Irān xeyl‐i arzešmand‐ast. Agar Irān bebāzad, u divāne mišavad. Kāmbiz be u deldāri midehad. U be Sāmān xāternešān mikonad, ke Irān bāzikonān‐e bātajrobe‐i dārad va tā konun dar zamin‐e xod bāzi rā be Kore vāgozār nakarde‐ast.",,Pāsox bedeh!,"1. Sāmān‐o Kāmbiz kojā miravand?<br>2. Ānhā qarār‐ast, kodām bāzi rā bebinand?<br>3. In bāzi rā ke gozāreš mikonad?<br>4. Sāmān ce omid‐i dārad?<br>5. Cerā Kāmbiz ziyād negarān nist?",,,"69,70,71,72","47,48","Musiqi dar Irān sābeqe‐i tulāni dārad. Navāzandegān‐e mašhur‐i, con Bārbod, Rāmtin va Nakisā dar darbār‐e Sāsāniyān mašqul be kār budand. Gofte mišavad, ke Bārbod pāyegozār‐e mafhum‐e dastgāh dar musiqi‐ye irāni bude‐ast. Musiqi‐ye irāni ta’sir‐e qābelemolāheze‐i bar musiqi‐ye arabi va espāniyāyi gozāšte‐ast.</p><p>Be majmue‐ye dastgāhhā‐ye musiqi‐ye irāni radif miguyand. Az miyān‐e dastgāhhā mitavān az Šur, Māhur va Homāyun nām bord. Har dastgāh mānand‐e yek samfoni az qateāt‐e kucaktar‐i taškil šode‐ast, ke be ān guše miguyand. Yek‐i az vižegihā‐ye musiqi‐ye irāni bedāhenavāzi‐st. Dar bedāhenavāzi yek navāzande‐ye ciredast be xallāqiyathā‐ye āni dast mizanad. Az miyān‐e sāzhā‐ye irāni mitavān az tār, santur, kamānce, ney va daf nām bord. Alizadeh yek‐i navāzandegān‐e benām va Šajariyān, Nāzeri va Parisā az xānandegān‐e barjeste‐ye musiqi‐ye asil‐e irāni hastand.</p><p>Az hodudan šast sāl‐e piš, hengām‐i ke Vigen gitār rā vāred‐e musiqi‐ye Irān kard, musiqi‐ye pāp‐e Irān gostareš yāft. Šāyad mašhurtarin va mahbubtarin xānande‐ye pāp‐ e Irān Googoosh bāšad.","31,32,33",,Pāsox bedeh!,1.  Navāzandegān‐e darbār‐e Sāsāniyān ce nām dāštand? 2.  Bārbod rā pāyegozār‐e ce midānand? 3.  Be majmue‐ye dastgāhhā‐ye musiqi‐ye irāni ce miguyim? 4.  Qateāt‐e taškildehande‐ye yek dastgāh ce nām dārand? 5.  Bedāhenavāzi ya’ni ce? 6.  Kodām sāzhā‐ye irāni rā mišenāsi?,"Āqā‐ye Kāmyāb:Bebaxšin āqā, bār‐e parvāz‐e Pāris‐o kojā tahvil begirim?<br>Mas’ul‐e bār:Tašrif bebarin bānd‐e panj.<br>– – – – – – – – – –<br>Ma’mur‐e gomrok:Lotfan camedun etun‐o bāz konin.<br>Āqā‐ye Kāmyāb:Befarmāyin!<br>Ma’mur‐e gomrok:Tu‐š ci dārin?<br>Āqā‐ye Kāmyāb:Vasāyel‐e šaxsi‐yo yemeqdār‐am sowqāti. Bāyad gomroki pardāxt konam?<br>Ma’mur‐e gomrok:Naxeyr, šomā az pardāxt‐e gomroki moāf‐in. Eqāmat‐e xoš‐i dāšte bāšin.<br>Āqā‐ye Kāmyāb:Motšakker‐am.",24,,,,,Ketāb – lavāzem‐e šaxsi – kādo – asbābbāzi,34,23,,,,,,,,Pāsox bedeh!
26,Kādo‐ye ezdevāj,lesson,24,Barā ce sāns‐i?,Sinamā‐ye Irān,"Hafte‐ye āyande arusi‐ye Faribā, dust‐e samimi‐ye Sārā‐st. Sārā be hamrāh‐e mādar‐aš, Mahnāz, bā metro be bāzār rafte‐ast, tā barā‐yaš kādo‐ye ezdevāj bexarad. Ānhā tasmim dārand, yek dastband‐e talā bexarand. Be hamin dalil be qesmat‐e talāforušān miravand. Dar ānjā az candin maqāze bā vitrinhā‐ye porzarqobarq didan mikonand. Sārā kamhowsele‐ast, vali Mahnāz be in zudi xaste nemišavad. Saranjām ānhā dastband‐e mowredenazar‐ešān rā peydā mikonand va tāze cānezani šoru’ mišavad. Pas az bist daqiqe Mahnāz‐o forušande be tavāfoq miresand. Sārā xošhāl‐ast, ke u va mādar‐aš bā dast‐e por be xāne bar migardand.",,Pāsox bedeh!,1. Hafte‐ye āyande arusi‐ye ki‐st?<br>2. Cerā Sārā‐vo mādar‐aš be bāzār miravand?<br>3. Ānhā dar bāzār be donbāl‐e ce migardand?<br>4. Mahnāz az ce kār‐i zud xaste nemišavad?<br>5. Cāne zadan‐e Mahnāz bā forušande ceqadr tul mikešad?,,,73,"49,5","Sinamā‐ye Irān san’at‐i šokufā bā sābeqe‐i nesbatan tulāni‐st. Tārix‐e sinamā‐ye Irān bā āmadan‐e durbin‐e filmbardāri be Irān dar sāl‐e 1279 h.š. āqāz mišavad. Dar dahehā‐ye gozašte sinamā‐ye Irān pišraft‐e šegeftangiz‐i dāšte‐ast va emruze az sinamāhā‐ye matrah‐e jahān be šomār miravad. Daryāft‐e sadhā javāyez‐e beynolmelali, hattā Oskār, az taraf‐e sinamāgarān‐e irāni nešāne az ahammiyat‐e sinamā‐ye Irān dārad. Filmhā‐ye irāni bā hozur‐e mostamar va movaffaqiyatāmiz dar jašnvārehā‐ye mo’tabar‐i hamcon Kān, Veniz va Berlin peyvaste tavajjoh‐e montaqedin‐e bozorg‐e sinamā‐ye jahān rā be xod jalb mikonand. Sinamāgarān‐e irāni emruze dar hey’at‐e dāvarān‐e in jašnvārehā niz hozur dārand.</p><p>Sinamā‐ye Irān rošd‐i cešmgir va fāreqottahsilān‐e poršomār‐i dārad. Sālāne biš az 20 kārgardān noxostin film‐e xod rā arze mikonand. Hozur‐e sinamāgarān‐e zan niz dar Irān qābeletavajjoh‐ast. Az miyān‐e ānhā mitavān dar kenār‐e Rakhshan Bani‐Etemad az Samira Makhmalbaf yād kard.","34,35,36",,Pāsox bedeh!,1.  Az miyān‐e bozorgtarin kārgardānān‐e irāni mitavān az                     ke nām bord? 2.  Kodām filmhā‐ye irāni rā mišenāsi? 3.  Sālāne dar Irān cand kārgardān noxostin film‐e xod rā arze mikonand? 4.  Āyā filmsāzān‐e zan dar sinamā‐ye Irān hozur‐i kamrang dārand?,"Rowšanak:Lotfan do tā bilit barā film‐e Dar Bāre‐ye Eli.<br>Belitforuš:Barā ce sāns‐i? Sāat‐e haft‐o nim yā dah?<br>Rowšanak:Age miše dah. Lož bāše lotfan.Abbas Kiarostami, Jafar Panahi, Asghar Farhadi, Mohsen Makhmalbaf, Rakhshan Bani‐Etemad va Ali Hatami az bozorgtarin kārgardānān‐e irāni be šomār miāyand. Filmhā‐yi con Bāšu, Ta’m‐e Gilās, Zir‐e Deraxtān‐e Zeytun va Jodāyi‐ye Nāder‐o Simin jozv‐e behtarin filmhā‐ye irāni hastand.<br>Belitforuš:Befarmāyin! Radif‐e do, sandaliyā‐ye dah‐o yāzdah. Miše se hezār Toman.<br>Rowšanak:Xedmat‐e šomā.<br>Belitforuš:Mamnun. Lotf konin, piš az ye rob be dah tu sālon bāšin, con dar‐e sālon‐o unmowqe mibandan.",25,,,,,Radif‐e vasat – tā ye rob be dah xodetun‐o be sālon beresunin,35,24,,,,,,,,Pāsox bedeh!
27,,test,III,,,,,,,,,,,,,,,,,,,,,,,,,,,,,,,,
28,Pāsoxhā-ye yādāvari,answers,,,,,,,,,,,,,,,,,,,,,,,,,,,,,,,,,
29,Vāženāme,vocabulary,,,,,,,,,,,,,,,,,,,,,,,,,,,,,,,,,
30,Parvāne‐ye tasvirhā,copyrights,,,,,,,,,,,,,,,,,,,,,,,,,,,,,,,,,
